date,close,index_close,r_qan,r_mkt,abret
2020-10-02,3.981,5791.5,-0.005011285856918013,-0.013957223932109741,0.01112852901590294
2020-10-05,4.175,5941.6,0.04758131428463863,0.025587131982685918,0.018108563598258853
2020-10-06,4.233,5962.1,0.013796603235967764,0.003444310637267023,0.009864561632314429
2020-10-07,4.204,6036.4,-0.006874508524081779,0.012385039752039972,-0.021119263117000228
2020-10-08,4.136,6102.0,-0.016307315808576694,0.010808778532220842,-0.028733926786200473
2020-10-09,4.185,6102.2,0.011777566735310607,3.2775601845003166e-05,0.011780571280745656
2020-10-12,4.165,6132.0,-0.004790428322632545,0.004871599113243974,-0.010368780447126406
2020-10-13,4.165,6195.7,0.0,0.010334542038441086,-0.011879601356081269
2020-10-14,4.078,6179.2,-0.02110960346654256,-0.0026666897959497504,-0.017992891804546846
2020-10-15,4.117,6210.3,0.009518070635504028,0.005020390705222866,0.003768094366760146
2020-10-16,4.078,6176.8,-0.009518070635504028,-0.005408865944811936,-0.003238387002632067
2020-10-19,4.185,6229.4,0.025900031789175104,0.008479681962764829,0.016159924802080942
2020-10-20,4.224,6184.6,0.009275842462521666,-0.007217688817133805,0.017641918702888178
2020-10-21,4.233,6191.8,0.0021284151348262004,0.0011635048660760816,0.0008271763438525315
2020-10-22,4.291,6173.8,0.013608844470601289,-0.002911304378848456,0.01700770761644578
2020-10-23,4.408,6167.0,0.02690126584122554,-0.0011020356359718875,0.028213222088738353
2020-10-26,4.437,6155.6,0.0065574005461590534,-0.0018502594017970608,0.00873239792260535
2020-10-27,4.359,6051.0,-0.017735799140516928,-0.017138688967374804,0.002073686893670379
2020-10-28,4.291,6057.7,-0.015722867246867667,0.0011066424444852174,-0.01695851789327131
2020-10-29,4.214,5960.3,-0.018107490627390366,-0.016209374703734625,0.0006300748559420893
2020-10-30,4.059,5927.6,-0.03747567752523673,-0.005501406047049073,-0.031089253211362366
2020-11-02,4.175,5951.3,0.02817772044605804,0.003990273753716522,0.023615935915358044
2020-11-03,4.33,6066.4,0.036453183711579795,0.01915566531698687,0.014398829105871844
2020-11-04,4.427,6062.1,0.02215461173560529,-0.000709073699166396,0.023013304762864093
2020-11-05,4.417,6139.6,-0.00226142113561445,0.012703318751693615,-0.01687329567275702
2020-11-06,4.408,6190.2,-0.002039660763776041,0.008207802895132232,-0.011466167958695404
2020-11-09,4.534,6298.8,0.028183480234723834,0.01739174271186883,0.008163727877707447
2020-11-10,4.911,6340.5,0.07987303497177023,0.006598490628698883,0.07230279422903634
2020-11-11,4.979,6449.7,0.013751480602938182,0.017075988405258258,-0.005904063925231358
2020-11-12,4.911,6418.2,-0.013751480602938182,-0.0048959135400714615,-0.008063463584649277
2020-11-13,4.95,6405.2,0.007909989523491534,-0.0020275440918187115,0.010289476500518974
2020-11-16,5.028,6484.3,0.01563471414740203,0.012273710072891575,0.0015183731339026632
2020-11-17,5.105,6498.2,0.01519816088862802,0.0021413449353158143,0.012769029298977544
2020-11-18,5.047,6531.1,-0.011426444258503698,0.005050166919781773,-0.017210765998484978
2020-11-19,5.086,6547.2,0.007697659641802579,0.002462094940941739,0.004898557918076594
2020-11-20,5.105,6539.2,0.0037287846167011196,-0.0012226435072388853,0.005179856404418324
2020-11-23,5.192,6561.6,0.016898527785159878,0.0034196418277812057,0.012994940499800756
2020-11-24,5.396,6644.1,0.038538958943720614,0.012494767156114861,0.02416763892076227
2020-11-25,5.483,6683.3,0.015994458076401763,0.005882634729086789,0.009249923642359579
2020-11-26,5.357,6636.4,-0.023248279523087945,-0.007042229753796647,-0.015084587108283445
2020-11-27,5.347,6601.1,-0.0018684609322288104,-0.005333345975362391,0.004324113946995266
2020-11-30,5.212,6517.8,-0.025571996703995792,-0.012699406126078117,-0.010883015858229544
2020-12-01,5.299,6588.5,0.016554464248026424,0.010788809317547887,0.0041508868258207324
2020-12-02,5.376,6590.2,0.014426479710223372,0.0002579920643803746,0.014169707596644427
2020-12-03,5.318,6615.3,-0.010847310400020405,0.003801450944944662,-0.015191296649652521
2020-12-04,5.105,6634.1,-0.0408768412041991,0.002837866260678723,-0.04410937757517793
2020-12-07,5.318,6675.0,0.0408768412041991,0.006146190013138764,0.033828308073144464
2020-12-08,5.231,6687.7,-0.01649482843235406,0.0019008140306766563,-0.018646518870086254
2020-12-09,5.192,6728.5,-0.007483484986685163,0.006082217882470431,-0.014458229256179927
2020-12-10,4.999,6683.1,-0.03788108697035564,-0.006770284442659147,-0.03003107075651147
2020-12-11,4.94,6642.6,-0.011872561231601964,-0.006078498645461394,-0.0048204875887683015
2020-12-14,4.911,6660.2,-0.005887744142723861,0.0026460610200960133,-0.00889904213699155
2020-12-15,4.892,6631.3,-0.003876369232181487,-0.004348650723153824,0.001180405715341286
2020-12-16,4.931,6679.2,0.007940589417063215,0.007197356489372808,-0.0003204150945891257
2020-12-17,4.94,6756.7,0.0018235239578421325,0.011536385285086936,-0.01144234738826332
2020-12-18,4.766,6675.5,-0.035857952523280945,-0.012090497334728667,-0.02187131949738673
2020-12-21,4.737,6669.9,-0.006103354734935618,-0.000839240536617325,-0.005094520346930998
2020-12-22,4.65,6599.6,-0.018536804342349722,-0.01059582617624244,-0.006274204610936132
2020-12-23,4.756,6643.1,0.02253975922927043,0.006569680874360273,0.015002749191098914
2020-12-24,4.737,6664.8,-0.0040029548869207066,0.0032612236690496843,-0.007723814233393211
2020-12-29,4.805,6700.3,0.014253018480641089,0.005312355835339844,0.008166274085817335
2020-12-30,4.805,6682.4,0.0,-0.0026750970543432118,0.0031264090414516122
2020-12-31,4.698,6587.1,-0.0225201561855346,-0.014364013498296302,-0.005911128568511611
2021-01-04,4.756,6684.2,0.012270092591814219,0.014633341526497645,-0.004567972973352184
2021-01-05,4.689,6681.9,-0.014187638721086193,-0.0003441542443489709,-0.013749863222299763
2021-01-06,4.659,6607.1,-0.0064185072727895864,-0.011257549847814019,0.0066073597733494575
2021-01-07,4.756,6712.0,0.02060614599387578,0.0157521407693082,0.0024775978141932838
2021-01-08,4.766,6757.9,0.002100399848014911,0.006815221740410493,-0.005719830098310124
2021-01-11,4.756,6697.2,-0.002100399848014911,-0.009022662305065765,0.008347628914939327
2021-01-12,4.679,6679.1,-0.016322566944456218,-0.0027062806675921536,-0.01316018906318446
2021-01-13,4.65,6686.6,-0.00621719228481421,0.0011222757935893668,-0.007470875268435819
2021-01-14,4.65,6715.3,0.0,0.00428298134929328,-0.00489940905597202
2021-01-15,4.727,6715.4,0.016423532211834457,1.489125659936974e-05,0.016447165513286104
2021-01-18,4.659,6663.0,-0.014489918976439808,-0.007833562751740075,-0.005413460949126028
2021-01-19,4.727,6742.6,0.014489918976439808,0.011875773635395603,0.000832579037146548
2021-01-20,4.669,6770.4,-0.012345835822299644,0.004114562157962354,-0.01705098121590322
2021-01-21,4.698,6823.7,0.006191970247921397,0.007841677363895627,-0.002812228265768985
2021-01-22,4.698,6800.4,0.0,-0.0034204127562169617,0.003986095854590438
2021-01-25,4.621,6824.7,-0.016525754348591715,0.0035669500795343367,-0.02059925481460747
2021-01-27,4.485,6780.6,-0.029872636377370032,-0.006482790448949061,-0.022354231042818792
2021-01-28,4.408,6649.7,-0.017317423660146103,-0.019493852743826423,0.005208633669007239
2021-01-29,4.359,6607.4,-0.011178398594357875,-0.006381507803476794,-0.0037768180556527736
2021-02-01,4.379,6663.0,0.004577714563005708,0.008379600515681318,-0.005046953154418915
2021-02-02,4.524,6762.6,0.032576170434612806,0.014837597913549772,0.015502504677465157
2021-02-03,4.553,6824.6,0.006389798098771049,0.009126299800945148,-0.0040961523305401894
2021-02-04,4.563,6765.5,0.0021939455926203166,-0.008697562573333428,0.012266987015816883
2021-02-05,4.592,6840.5,0.0063353570719999475,0.011024659656468927,-0.006340262688418936
2021-02-08,4.621,6880.7,0.006295472870864183,0.005859562577679611,-0.00042244891532202886
2021-02-09,4.679,6821.2,0.012473279995949715,-0.008684981499088806,0.022531809738262555
2021-02-10,4.621,6856.9,-0.012473279995949715,0.005220035102103893,-0.01845353674165683
2021-02-11,4.63,6850.1,0.0019457362100132602,-0.0009921938510029094,0.0031309950944729903
2021-02-12,4.408,6806.7,-0.049135796247529395,-0.006355829491656806,-0.04176383444085934
2021-02-15,4.437,6868.9,0.0065574005461590534,0.009096555749859903,-0.0038942415109777806
2021-02-16,4.553,6917.3,0.025807883955872635,0.007021543115797613,0.01774967195007528
2021-02-17,4.582,6885.2,0.006349227678658753,-0.004651339666509102,0.011755140169414898
2021-02-18,4.553,6885.9,-0.006349227678658753,0.0001016621766734005,-0.0064256805763359195
2021-02-19,4.475,6793.8,-0.01728000462582635,-0.013465411025975982,-0.001707472944372129
2021-02-22,4.669,6780.9,0.042438564261981115,-0.001900595060396526,0.04467162146706087
2021-02-23,4.873,6839.2,0.04276484787256929,0.00856092922437135,0.03293102596811706
2021-02-24,4.853,6777.8,-0.004112693438290016,-0.0090182002096455,0.006330188506232615
2021-02-25,4.94,6834.0,0.0177682607767522,0.008257588172858377,0.00828432859180241
2021-02-26,4.844,6673.3,-0.019624505508985424,-0.023795663491604557,0.007863489376543426
2021-03-01,4.844,6789.6,0.0,0.01727753947183608,-0.01988802425947724
2021-03-02,4.737,6762.3,-0.02233680174923114,-0.004028960799443482,-0.01764877418086085
2021-03-03,4.873,6818.0,0.02830573991975438,0.008203104841824072,0.01888465170965755
2021-03-04,4.921,6760.7,0.00980199802247217,-0.008439738725941837,0.01957765169285736
2021-03-05,4.94,6710.8,0.003853569315990013,-0.007408266075660919,0.0124394675131837
2021-03-08,4.863,6739.6,-0.01570979977818232,0.0042824070679845505,-0.020608546427516583
2021-03-09,4.979,6771.2,0.023573536238396642,0.004677747819640032,0.018218782517105937
2021-03-10,5.008,6714.1,0.005807566137751907,-0.008468531103989818,0.01561643046996071
2021-03-11,5.134,6713.9,0.024848448651151323,-2.9788501640481968e-05,0.02492361796462642
2021-03-12,5.134,6766.8,0.0,0.007848297422896167,-0.009011834442211217
2021-03-15,5.328,6773.0,0.03709085078913921,0.0009158186137678825,0.036075306509055105
2021-03-16,5.309,6827.1,-0.003572439636553515,0.007955865818377816,-0.012708349193341803
2021-03-17,5.279,6795.2,-0.005666807760055237,-0.004683505474275762,-0.0002237935140275522
2021-03-18,5.241,6745.9,-0.007224366021450157,-0.007281567646451492,0.0012153914617307766
2021-03-19,5.183,6708.2,-0.01112828061245974,-0.0056042542678245155,-0.004623225684829149
2021-03-22,5.163,6752.5,-0.003866233310057199,0.0065821480220407125,-0.011417623620147557
2021-03-23,5.047,6745.4,-0.022723798539386886,-0.001052015595732314,-0.02146953806948687
2021-03-24,4.969,6778.8,-0.015575394737941783,0.004939304048178883,-0.021231841339181046
2021-03-25,4.95,6790.6,-0.0038310360395845677,0.0017392077725499888,-0.0057963212148448625
2021-03-26,4.95,6824.2,0.0,0.004935815173830349,-0.005652422347808681
2021-03-29,4.911,6799.5,-0.007909989523491534,-0.003626038016584232,-0.0036867145455556933
2021-03-30,4.844,6738.4,-0.013736761366261563,-0.00902657204786017,-0.003284222897803113
2021-03-31,4.931,6790.7,0.01780098155114329,0.00773152102139818,0.008923843227907211
2021-04-01,4.94,6828.7,0.0018235239578421325,0.005580289676311523,-0.004572269594671318
2021-04-06,5.095,6885.9,0.03089433547485676,0.008341523875161627,0.02131358738190954
2021-04-07,5.231,6928.0,0.026342797713786004,0.00609532866824658,0.019352930765923794
2021-04-08,5.25,6998.8,0.003625612215058416,0.0101675345281933,-0.008061353786777373
2021-04-09,5.279,6995.2,0.0055086092379468266,-0.000514506228299183,0.006142877785015825
2021-04-12,5.154,6974.0,-0.023963573611305966,-0.003035251306569009,-0.020421743479763273
2021-04-13,5.105,6976.9,-0.009552660613544317,0.00041574379312692145,-0.009991391970182699
2021-04-14,5.047,7023.1,-0.011426444258503698,0.006600023958156953,-0.01899845362507309
2021-04-15,5.037,7058.6,-0.0019833405946119154,0.005042015553019752,-0.007758260114169351
2021-04-16,5.018,7063.5,-0.0037792188192828924,0.0006939478118184184,-0.004538845503404687
2021-04-19,4.921,7065.6,-0.01951968606038923,0.0002972588509475571,-0.019821750576263307
2021-04-20,4.853,7017.8,-0.013914691460762185,-0.006788159613206446,-0.006044057073486967
2021-04-21,4.785,6997.5,-0.014111045518161447,-0.0028968361998504832,-0.010728870740297693
2021-04-22,4.853,7055.4,0.014111045518161447,0.00824033866781626,0.004647009830736931
2021-04-23,4.834,7060.7,-0.003922788141787814,0.0007509156564555752,-0.004748124571034234
2021-04-26,4.776,7045.6,-0.012070906190990272,-0.002140888222630366,-0.009560682058740565
2021-04-27,4.747,7033.8,-0.006090536521120127,-0.0016762081854135857,-0.004116299084601933
2021-04-28,4.814,7064.7,0.01401549979169947,0.004383452066207383,0.009000202461509541
2021-04-29,4.844,7082.3,0.006212486329965516,0.002488161317602433,0.0033833182595556085
2021-04-30,4.795,7025.8,-0.010167117355444288,-0.008009625967863698,-0.0008875786405778806
2021-05-03,4.785,7028.8,-0.002087683430483933,0.00042690649973131656,-0.002539290447252123
2021-05-04,4.776,7067.9,-0.0018826488146166387,0.00554741184407348,-0.008240519324923172
2021-05-05,4.659,7095.8,-0.02480254325564135,0.003939653633729279,-0.02930593984479774
2021-05-06,4.592,7061.7,-0.014485173817394337,-0.0048172439969267344,-0.008887898438745049
2021-05-07,4.621,7080.8,0.006295472870864183,0.0027010799522759754,0.0032207131108652996
2021-05-10,4.563,7172.8,-0.01263082994286413,0.012909198746509531,-0.027480177427627914
2021-05-11,4.514,7097.0,-0.01079662354992128,-0.010623934876193175,0.0014983982525977116
2021-05-12,4.359,7044.9,-0.0349410051390886,-0.007368208757103645,-0.02640131118587745
2021-05-13,4.262,6982.7,-0.022504139579830218,-0.008868289322588652,-0.012234172834094779
2021-05-14,4.311,7014.2,0.011431362088572206,0.0045010042480768675,0.006280473813022037
2021-05-17,4.408,7023.6,0.022251176085615887,0.001339241391807633,0.020747233429181677
2021-05-18,4.456,7066.0,0.010830430774369626,0.006018641833914984,0.003929018504237261
2021-05-19,4.379,6931.7,-0.017431114805721792,-0.019189455573469516,0.004743834620223934
2021-05-20,4.534,7019.6,0.034784164266076,0.01260114299383197,0.020290144688161166
2021-05-21,4.592,7030.3,0.012711106931928118,0.0015231428079385267,0.0109950425907262
2021-05-24,4.572,7045.9,-0.004364913084700994,0.0022165082034621975,-0.00688074198972456
2021-05-25,4.563,7115.2,-0.001970443987298953,0.009787453405579072,-0.013219004185777868
2021-05-26,4.524,7092.5,-0.008583743691391366,-0.0031954530734257247,-0.0048571283123863985
2021-05-27,4.543,7094.9,0.0041910285233923705,0.00033832837910985347,0.003841592227084584
2021-05-28,4.659,7179.5,0.02521324605739328,0.011853526672314985,0.01158156694980491
2021-05-31,4.563,7161.6,-0.020820530889394284,-0.0024963230568797456,-0.01790032929502191
2021-06-01,4.563,7142.6,0.0,-0.0026565639705964372,0.0031050319959072285
2021-06-02,4.64,7217.8,0.016734064292898587,0.010473341605379716,0.0046943641262508235
2021-06-03,4.756,7260.1,0.024692612590371477,0.005843405516328559,0.017993327218992647
2021-06-04,4.718,7295.4,-0.00802199784305202,0.004850409701763425,-0.013575908972163382
2021-06-07,4.63,7281.9,-0.018828112887340653,-0.0018521953804135904,-0.01665088245008138
2021-06-08,4.689,7292.6,0.01266247200930648,0.0014683182163910402,0.011009645271003047
2021-06-09,4.659,7270.2,-0.0064185072727895864,-0.0030763339008732515,-0.0028292902896293855
2021-06-10,4.621,7302.5,-0.008189700946530154,0.004432953796365879,-0.013262096207889155
2021-06-11,4.563,7312.3,-0.01263082994286413,0.0013411064768344971,-0.014136923887670433
2021-06-15,4.572,7379.5,0.001970443987298953,0.009148023883099654,-0.008540564155017421
2021-06-16,4.572,7386.2,0.0,0.0009075086802283749,-0.001005959160296589
2021-06-17,4.563,7359.0,-0.001970443987298953,-0.003689340375460759,0.0023258473017516504
2021-06-18,4.698,7368.9,0.029156584291455845,0.0013443873859930733,0.027646705971341678
2021-06-21,4.524,7235.3,-0.03774032798284721,-0.01829661700645424,-0.01659522609720571
2021-06-22,4.582,7342.2,0.012739025777429802,0.014666700913540609,-0.004137518280894776
2021-06-23,4.572,7298.5,-0.0021848380987394833,-0.005969677649044769,0.004741715612906888
2021-06-24,4.485,7275.3,-0.019212250421804855,-0.0031837982677647148,-0.015499078316182264
2021-06-25,4.582,7308.0,0.02139708852054434,0.004484589195028477,0.016265134241161428
2021-06-28,4.398,7307.3,-0.040985691898734355,-9.579002833071115e-05,-0.040834392910277274
2021-06-29,4.408,7301.2,0.002271179718043914,-0.0008351302809366246,0.0032752731183054284
2021-06-30,4.514,7313.0,0.023762606544730724,0.0016148680823206973,0.021940741388357936
2021-07-01,4.485,7265.6,-0.0064451828845846215,-0.006502704927264347,0.0010961928695554582
2021-07-02,4.64,7308.6,0.03397587072740449,0.0059008555902817506,0.027210319381932746
2021-07-05,4.766,7315.0,0.026793012438386388,0.0008752975202561686,0.025824207345009887
2021-07-06,4.756,7261.8,-0.002100399848014911,-0.007299302481611036,0.006359813938289008
2021-07-07,4.727,7326.9,-0.006116227017435971,0.008924774943539049,-0.01636972794649362
2021-07-08,4.698,7341.4,-0.006153865574378248,0.0019770531994929286,-0.008393494328600006
2021-07-09,4.572,7251.8,-0.02718614030415689,-0.01227984622020628,-0.012981102192312653
2021-07-12,4.582,7333.5,0.0021848380987394833,0.011203177791371033,-0.010696693983257557
2021-07-13,4.592,7332.1,0.002180074985961511,-0.00019092297679534909,0.0024411053823098477
2021-07-14,4.563,7354.7,-0.0063353570719999475,0.00307759591444956,-0.009844410389484807
2021-07-15,4.534,7335.9,-0.00637574985992817,-0.002559461187832568,-0.003382721383672166
2021-07-16,4.572,7348.1,0.008346193847227124,0.0016616729511262918,0.006470341463157799
2021-07-19,4.504,7286.0,-0.01498485509517522,-0.008487077819248512,-0.005154597994110409
2021-07-20,4.398,7252.2,-0.023815998704819652,-0.004649827475043722,-0.018411830456212787
2021-07-21,4.388,7308.7,-0.0022763497195856797,0.007760548257913058,-0.011186969602905583
2021-07-22,4.495,7386.4,0.024092125510599915,0.010575052107039795,0.011935107035998784
2021-07-23,4.408,7394.4,-0.01954459607297032,0.0010824854921498428,-0.020752382804369713
2021-07-26,4.456,7394.3,0.010830430774369626,-1.3523839147211447e-05,0.010886839560150933
2021-07-27,4.543,7431.4,0.019336084152283384,0.005004833153392951,0.013604052792145717
2021-07-28,4.495,7379.3,-0.010621918853682688,-0.007035483117441288,-0.00246600836845939
2021-07-29,4.475,7417.4,-0.004459316196764984,0.005149808295449532,-0.010358569604614294
2021-07-30,4.446,7392.6,-0.006501536184813972,-0.003349091584144759,-0.0025977059674212113
2021-08-02,4.417,7491.4,-0.0065440829276153245,0.013276196073841007,-0.021816744669640665
2021-08-03,4.379,7474.5,-0.008640344795128208,-0.002258468542949643,-0.0059944972611321035
2021-08-04,4.359,7503.2,-0.004577714563005708,0.0038323688051598026,-0.008957363118759384
2021-08-05,4.32,7511.1,-0.008987271000236552,0.0010523302090721387,-0.010160275022586346
2021-08-06,4.427,7538.4,0.024466751493984917,0.003628031488746686,0.02032279647844635
2021-08-09,4.427,7538.4,0.0,0.0,4.0809669663614e-05
2021-08-10,4.369,7562.6,-0.01318800378070506,0.0032050884996213114,-0.0168441138339726
2021-08-11,4.359,7584.3,-0.0022914767130433056,0.002865274722358535,-0.0055556274630233025
2021-08-12,4.369,7588.2,0.0022914767130433056,0.0005140879994591785,0.0017393099127132167
2021-08-13,4.398,7628.9,0.006615742163270655,0.005349258012499192,0.0004864328325408845
2021-08-16,4.32,7582.5,-0.017894489876550512,-0.006100706563749725,-0.010816800438354235
2021-08-17,4.282,7511.0,-0.008835212088527777,-0.009474347876723854,0.0021338148617225435
2021-08-18,4.262,7502.1,-0.004681656491065889,-0.001185631354294614,-0.0032732764911804356
2021-08-19,4.204,7464.6,-0.013702080661720517,-0.0050111351832171636,-0.007881160865519484
2021-08-20,4.117,7460.9,-0.020911710226937164,-0.0004957957958922066,-0.020299023288799744
2021-08-23,4.243,7489.9,0.030145823432420338,0.0038793959346836715,0.025711931281623916
2021-08-24,4.475,7503.0,0.05323578550663077,0.001747494258436788,0.05126094225735402
2021-08-25,4.718,7531.9,0.05287862925866471,0.0038443934570402405,0.048485110829207576
2021-08-26,4.882,7491.2,0.03416999098528484,-0.005418335706176336,0.040460597545109875
2021-08-27,4.989,7488.3,0.021680516908131997,-0.0003871958391457042,0.02216793887400639
2021-08-30,4.882,7504.5,-0.021680516908131997,0.002161038138922322,-0.024132363687340952
2021-08-31,4.931,7534.9,0.009986835271220906,0.004042719976029119,0.005364556475328678
2021-09-01,5.086,7527.1,0.030949859757938736,-0.001035719120604739,0.03218532300575876
2021-09-02,5.057,7485.7,-0.005718244902081837,-0.005515307596740016,0.0006842141993616737
2021-09-03,5.173,7522.9,0.02267936892353206,0.004957168047367233,0.01700231703450195
2021-09-06,5.221,7528.5,0.009236163407037257,0.000744116860676769,0.008418669070828149
2021-09-07,5.26,7530.3,0.007442072321203197,0.00023906287467490017,0.007207134142871138
2021-09-08,5.192,7512.0,-0.01301204734782968,-0.0024331397496730744,-0.010164724744037427
2021-09-09,5.066,7369.5,-0.024567427822305365,-0.019151880611286032,-0.0024358193583333652
2021-09-10,5.154,7406.6,0.017221560650689804,0.005021633308100348,0.01147015109762754
2021-09-13,5.144,7425.2,-0.001942125294855046,0.002508125750154022,-0.004794321404729642
2021-09-14,5.26,7437.3,0.022300039814300288,0.0016282594009524587,0.020462728398028072
2021-09-15,5.26,7417.0,0.0,-0.0027332169994611633,0.0031934476806116914
2021-09-16,5.279,7460.2,0.0036056590918607245,0.005807560753350316,-0.003052281021428128
2021-09-17,5.357,7403.7,0.014667431057344027,-0.007602348255996816,0.023477193974790533
2021-09-20,5.212,7248.2,-0.027440457636224602,-0.02122671307281543,-0.00291562694150543
2021-09-21,5.328,7273.8,0.022012273975489327,0.0035256888194954428,0.017986366443662066
2021-09-22,5.299,7296.9,-0.005457809727462903,0.0031707494290973415,-0.009074311268484313
2021-09-23,5.541,7370.2,0.044656866374587656,0.009995242447551789,0.03316863123185411
2021-09-24,5.463,7342.6,-0.014176900471632115,-0.003751839537747159,-0.009808519321178131
2021-09-27,5.618,7384.2,0.02797763926847141,0.005649579086851375,0.021501923620688104
2021-09-28,5.56,7275.6,-0.01037762041956114,-0.014816298540660355,0.006753096846187613
2021-09-29,5.367,7196.7,-0.035329015067799174,-0.010903696261699736,-0.022711301587993907
2021-09-30,5.493,7332.2,0.023205461165791696,0.01865301967043287,0.0017308848110152014
2021-10-01,5.531,7185.5,0.006894076652057546,-0.020210500760116545,0.030246753959453445
2021-10-04,5.628,7278.5,0.01738550823960172,0.012859690490413911,0.0025932662133703478
2021-10-05,5.56,7248.4,-0.01215603098965179,-0.004144042166712936,-0.0073352624450336995
2021-10-06,5.444,7206.5,-0.021084023473271207,-0.005797358314845624,-0.014356232056431502
2021-10-07,5.405,7256.7,-0.007189633698048148,0.006941783504037957,-0.015155846721027261
2021-10-08,5.415,7320.1,0.0018484293617824221,0.008698809037033683,-0.008144430459683846
2021-10-11,5.357,7299.8,-0.0107687635541307,-0.0027770385633321126,-0.007524769748573211
2021-10-12,5.299,7280.7,-0.010885993388198179,-0.0026199390864967143,-0.007823206483618173
2021-10-13,5.376,7272.5,0.014426479710223372,-0.0011269000450440103,0.015767115891007488
2021-10-14,5.405,7311.7,0.0053798478703230845,0.00537569347654987,-0.0007799535321374156
2021-10-15,5.512,7362.0,0.01960308262018584,0.0068558300930607885,0.011736012837816853
2021-10-18,5.57,7381.1,0.010467520227835259,0.0025910440389971257,0.007519681748817972
2021-10-19,5.541,7374.9,-0.0052200640539799,-0.0008403361839057766,-0.004209965888057594
2021-10-20,5.551,7413.7,0.0018031018228115148,0.00524729711087879,-0.00420860037531869
2021-10-21,5.512,7415.4,-0.007050557996666873,0.00022927891880719642,-0.007274210839377193
2021-10-22,5.522,7415.5,0.001812579796605318,1.3485358273612746e-05,0.0018378347360396726
2021-10-25,5.376,7441.0,-0.026795510287114244,0.003432844215243591,-0.030714325909102835
2021-10-26,5.357,7443.4,-0.0035404863220251936,0.00032248528940392873,-0.003871648355137777
2021-10-27,5.357,7448.7,0.0,0.0007117868163337704,-0.0007802031417260247
2021-10-28,5.299,7430.4,-0.010885993388198179,-0.0024598274394804776,-0.008007887782058217
2021-10-29,5.183,7323.7,-0.022134084303055745,-0.014464028331426348,-0.005409694252443847
2021-11-01,5.338,7370.8,0.029467011774763074,0.006410583728614583,0.0221135128552514
2021-11-02,5.347,7324.3,0.0016846049842620392,-0.006328661281818526,0.009025229531196603
2021-11-03,5.386,7392.7,0.007267338422812797,0.00929543962885404,-0.003413706889464529
2021-11-04,5.483,7428.0,0.017849402032503958,0.004763616664854808,0.01239560261325598
2021-11-05,5.444,7456.9,-0.007138311632691519,0.0038831347626935298,-0.011576516346779697
2021-11-08,5.667,7452.2,0.040145792398262437,-0.0006304874413203265,0.040913839851579425
2021-11-09,5.657,7434.2,-0.0017661608264634143,-0.0024183158819290895,0.0010640631390106342
2021-11-10,5.531,7423.9,-0.022525085348477747,-0.0013864493643094278,-0.020885071163754255
2021-11-11,5.454,7381.9,-0.014019346589144277,-0.005673467513915398,-0.007434457418374471
2021-11-12,5.473,7443.0,0.003477627738384337,0.00824293532609488,-0.0059894030729517565
2021-11-15,5.463,7470.1,-0.0018288227482003983,0.0036343925582045244,-0.005980114959931955
2021-11-16,5.415,7420.4,-0.008825208960626663,-0.006675421853897134,-0.0010846123073980718
2021-11-17,5.434,7369.9,0.003502630551202035,-0.006828826493920914,0.011420172283906613
2021-11-18,5.376,7379.2,-0.010730907783307542,0.001261094064387791,-0.012144711151523376
2021-11-19,5.309,7396.5,-0.012541109619313984,0.0023416836976046795,-0.015201322603958962
2021-11-22,5.095,7353.1,-0.04114382692684648,-0.005884922337344278,-0.034315034504314515
2021-11-23,5.095,7410.6,0.0,0.007789414677077389,-0.00894391594810926
2021-11-24,5.066,7399.4,-0.0057081150952045245,-0.001512491848091102,-0.003922716798848935
2021-11-25,5.124,7407.3,0.011383832455004184,0.0010670845967872822,0.010193809936300754
2021-11-26,4.844,7279.3,-0.05619455834364184,-0.01743129669921828,-0.036047562972329486
2021-11-29,4.747,7239.8,-0.020227986121664987,-0.005441122032689094,-0.013911096599635284
2021-11-30,4.902,7256.0,0.03213044553673994,0.0022351311061612478,0.029593135984210234
2021-12-01,4.795,7235.9,-0.02206957677051924,-0.0027739651652201047,-0.01882912798598006
2021-12-02,4.776,7225.2,-0.003970332245100572,-0.001479832371350298,-0.002222605128095554
2021-12-03,4.805,7241.2,0.00605366633195481,0.0022120232433859854,0.003543010618674395
2021-12-06,4.824,7245.1,0.003946417002628433,0.0005384397802377094,0.003366161561794569
2021-12-07,5.008,7313.9,0.03743317437291327,0.009451268924753009,0.026572387253978362
2021-12-08,4.979,7405.4,-0.005807566137751907,0.012432816591928741,-0.02010742908156456
2021-12-09,4.921,7384.5,-0.011717305776204334,-0.0028262549323425645,-0.008416543190219316
2021-12-10,4.853,7353.5,-0.013914691460762185,-0.004206818525997136,-0.009021513320964744
2021-12-13,4.795,7379.3,-0.012023362087677514,0.003502392807003929,-0.016022398758355167
2021-12-14,4.747,7378.4,-0.010060868766220699,-0.00012197022586413198,-0.009879372144024961
2021-12-15,4.718,7327.1,-0.006127858583697465,-0.006977009704003834,0.0019606055531864435
2021-12-16,4.689,7295.7,-0.006165640878034173,-0.0042946697297754355,-0.001171130482366228
2021-12-17,4.63,7304.0,-0.01266247200930648,0.001137009787075982,-0.013933149965492699
2021-12-20,4.63,7292.2,0.0,-0.0016168595347654247,0.001905781542980009
2021-12-21,4.669,7355.0,0.008388047890657058,0.008575070295497866,-0.0014620850781408706
2021-12-22,4.689,7364.8,0.0042744241186494225,0.0013315400274400702,0.0027793646259179562
2021-12-23,4.708,7387.6,0.004043849290581214,0.003091024938779441,0.0005193062214371661
2021-12-24,4.785,7420.3,0.01622283550688719,0.004416568609194371,0.011169339792802914
2021-12-29,4.863,7509.8,0.016169506516731325,0.011989346634157627,0.0023811654337363014
2021-12-30,4.824,7513.4,-0.00805207199676472,0.00047925875564658327,-0.008564064892879442
2021-12-31,4.853,7444.6,0.005993610998194843,-0.009199155659791458,0.016645216593467065
2022-01-04,4.989,7589.8,0.027638418455821157,0.019316303240398014,0.005398775516458915
2022-01-05,4.94,7565.8,-0.009870157679068958,-0.003167148784825713,-0.00617618997353113
2022-01-06,4.853,7358.3,-0.0177682607767522,-0.027809164014071186,0.0143491193008718
2022-01-07,4.873,7453.3,0.004112693438290016,0.012827959536545919,-0.010642948416309323
2022-01-10,4.95,7447.1,0.015677812719229856,-0.0008321924723926344,0.016678517494699962
2022-01-11,4.989,7390.1,0.007847912298301285,-0.007683428196195052,0.016751197135684903
2022-01-12,4.95,7438.9,-0.007847912298301285,0.006581721783538441,-0.015398810962209047
2022-01-13,4.834,7474.4,-0.023713294299307686,0.004760860044783044,-0.029163914086195078
2022-01-14,4.844,7393.9,0.0020665434095545887,-0.010828512552931713,0.014597535996685455
2022-01-17,4.96,7417.3,0.02366491504599022,0.0031597736130937193,0.02006107359552913
2022-01-18,4.863,7408.8,-0.019750209315187117,-0.0011466266828481508,-0.01838681938006085
2022-01-19,4.931,7332.5,0.013886275820340188,-0.010351961004452903,0.025867588478578965
2022-01-20,4.882,7342.4,-0.009986835271220906,0.0013492427889634229,-0.01150231407163569
2022-01-21,4.737,7175.8,-0.030150948029153524,-0.022951510970376177,-0.0036366436065432446
2022-01-24,4.669,7139.5,-0.014459107952814909,-0.0050715077998439995,-0.008568551166197206
2022-01-25,4.514,6961.6,-0.03376123759345573,-0.025233412903933328,-0.004614865986129989
2022-01-27,4.408,6838.3,-0.023762606544730724,-0.017870170252205497,-0.003109391050603351
2022-01-28,4.582,6988.1,0.03871451218069044,0.021669539683482952,0.01376052103528367
2022-01-31,4.63,6971.6,0.010421284066838954,-0.0023639487501672107,0.013188798087887619
2022-02-01,4.747,7006.0,0.02495597147103812,0.004922171109905449,0.019319286913006804
2022-02-02,4.863,7087.7,0.02414269185246809,0.011593962575322081,0.010810407794236785
2022-02-03,4.795,7078.0,-0.014081823086247391,-0.0013695054273448193,-0.012461352940559316
2022-02-04,5.028,7120.2,0.047448582392599414,0.005944432993739923,0.04063276654980172
2022-02-07,5.26,7110.8,0.04510873602161758,-0.0013210598506177007,0.046673326459736764
2022-02-08,5.318,7186.7,0.01096626607120954,0.010617340514460949,-0.0012395301040588527
2022-02-09,5.347,7268.3,0.0054383631457664006,0.01129033093114451,-0.007543696007911192
2022-02-10,5.221,7288.5,-0.023846701538179138,0.0027753370199317118,-0.027007113353656666
2022-02-11,5.231,7217.3,0.0019135099600586791,-0.00981684178696618,0.01327758762167259
2022-02-14,5.144,7243.9,-0.01677147745315577,0.0036788136530336857,-0.020974007320760955
2022-02-15,5.057,7206.9,-0.017057564837472228,-0.00512083495087623,-0.011110111488544747
2022-02-16,5.192,7284.9,0.026345557303942835,0.010764812269867363,0.01396965935419874
2022-02-17,5.221,7296.2,0.005569975026626484,0.001549951960033269,0.003822987582007664
2022-02-18,5.144,7221.7,-0.01485796749309709,-0.010263282424240572,-0.0029789414307595605
2022-02-21,5.144,7233.6,0.0,0.0016464553054209574,-0.0018582995412847103
2022-02-22,4.989,7161.3,-0.030595498056418036,-0.01004530882063115,-0.018967894353980164
2022-02-23,5.183,7205.7,0.03814855032866915,0.006180850748338074,0.031060037660205563
2022-02-24,4.921,6990.6,-0.05187227732372812,-0.030305990014097617,-0.01687492519999194
2022-02-25,4.902,6997.8,-0.00386847677792046,0.0010294244711097633,-0.005015060102541812
2022-02-28,4.911,7049.1,0.001834301951186612,0.007304135157609082,-0.006549866761590797
2022-03-01,4.999,7096.5,0.017760305374325824,0.006701755656644437,0.010070953250253763
2022-03-02,4.95,7116.7,-0.00985031585083429,0.0028424300791272117,-0.013088116373001488
2022-03-03,4.95,7151.4,0.0,0.00486400689827704,-0.005569594859521207
2022-03-04,4.766,7110.8,-0.03788019790404862,-0.0056933866681863066,-0.031272332920193796
2022-03-07,4.388,7038.6,-0.08263383626356657,-0.010205468308800647,-0.0708214960801553
2022-03-08,4.379,6980.3,-0.0020531545937225726,-0.008317390964229787,0.00758137665418249
2022-03-09,4.514,7053.0,0.03036329057608289,0.010361162432678483,0.018452983839947354
2022-03-10,4.776,7130.8,0.056419697694956916,0.01097037186952754,0.04380669635842293
2022-03-11,4.698,7063.6,-0.01646648985357979,-0.00946859353873819,-0.005504100263138452
2022-03-14,4.756,7149.4,0.012270092591814219,0.012073600544017182,-0.0016154314367158983
2022-03-15,4.785,7097.4,0.006079046076382211,-0.007299917303239312,0.014539969030686929
2022-03-16,4.892,7175.2,0.022115192920008298,0.010902116024047004,0.00958092150977499
2022-03-17,4.979,7250.8,0.01762784983511967,0.010481171784970655,0.005579117922432051
2022-03-18,4.96,7294.4,-0.0038233269232095246,0.005995122870412928,-0.010697611168626216
2022-03-21,4.911,7278.5,-0.009928153679728657,-0.002182133454461166,-0.007370355101079056
2022-03-22,4.863,7341.1,-0.00982205563545846,0.008563898135612646,-0.01965930204020916
2022-03-23,4.902,7377.9,0.007987753684271848,0.005000350115818009,0.0022608932983620086
2022-03-24,4.892,7387.1,-0.0020420672809948748,0.0012461904762108844,-0.003438680057100644
2022-03-25,4.95,7406.2,0.011786358755673021,0.0025822515075439867,0.008848662050571632
2022-03-28,4.979,7412.4,0.005841491079446648,0.0008367862499518708,0.004917106935681965
2022-03-29,4.989,7464.3,0.002006421218854637,0.006977382155657352,-0.006000853184269532
2022-03-30,5.095,7514.5,0.021024177795787802,0.006702831728638614,0.013333584472984711
2022-03-31,5.047,7499.6,-0.009465659316562736,-0.0019848016053529705,-0.007135473799148966
2022-04-01,5.076,7493.8,0.005729542494015805,-0.0007736737883750067,0.006662748703649022
2022-04-04,4.999,7513.7,-0.015285657420707865,0.0026520088839987466,-0.01830381599788112
2022-04-05,5.008,7527.9,0.0017987413663642648,0.0018880975718644777,-0.00033828123071574876
2022-04-06,4.94,7490.1,-0.013671302597966228,-0.005033969879297828,-0.00782404404752558
2022-04-07,4.844,7442.8,-0.019624505508985424,-0.006335026443499814,-0.01227653904566946
2022-04-08,4.882,7478.0,0.007814146279922385,0.004718254423572432,0.0024126700849763233
2022-04-11,4.873,7485.2,-0.0018452081093991435,0.0009623610665734361,-0.0029144369325936077
2022-04-12,4.921,7454.0,0.00980199802247217,-0.004176936564428857,0.01466070871680135
2022-04-13,4.931,7479.0,0.0020300453581478806,0.003348292152463017,-0.0017912434128520543
2022-04-14,5.279,7523.4,0.06819487859949014,0.00591907023287952,0.06140831751544993
2022-04-19,5.221,7565.2,-0.011047731413063921,0.0055406209897537195,-0.017397768990434832
2022-04-20,5.26,7569.2,0.007442072321203197,0.0005285971155952751,0.006873169933817658
2022-04-21,5.463,7592.8,0.037867062663962114,0.0031130482863872544,0.034317116693105394
2022-04-22,5.463,7473.3,0.0,-0.0158637611714898,0.018338916433854175
2022-04-26,5.367,7318.0,-0.017728996218888904,-0.020999602065639777,0.006533872548157561
2022-04-27,5.279,7261.2,-0.016532407353212486,-0.007791962162876587,-0.00750393366002026
2022-04-28,5.289,7356.9,0.0018925062423635897,0.01309354392666684,-0.013169474788223147
2022-04-29,5.425,7435.0,0.025388707342680394,0.010559931551311408,0.013249129722115139
2022-05-02,5.58,7347.0,0.0281708769666964,-0.011906513273977737,0.04194529298111794
2022-05-03,5.618,7316.2,0.006786952288832415,-0.004200999140369532,0.011673418039407352
2022-05-04,5.493,7304.7,-0.022501174321568618,-0.0015730909002176219,-0.02064587785203499
2022-05-05,5.473,7364.7,-0.0036476421987023944,0.008180339289864946,-0.013042471409070808
2022-05-06,5.328,7205.6,-0.026850978923693036,-0.02183981440002114,-0.0016189645150234168
2022-05-09,5.212,7120.7,-0.022012273975489327,-0.01185246628933534,-0.008300198630760073
2022-05-10,5.183,7051.2,-0.005579620055029322,-0.009808220092475395,0.0057745128851168885
2022-05-11,5.144,7064.7,-0.007553052272251115,0.0019127372843215085,-0.009718495625563137
2022-05-12,5.018,6941.0,-0.024799538991087777,-0.017664696032460014,-0.00438332840201083
2022-05-13,5.124,7075.1,0.020903936090257202,0.019135721347584678,-0.0011274140792720856
2022-05-16,5.212,7093.0,0.01702827522811101,0.0025268045149182683,0.014154534036450034
2022-05-17,5.27,7112.5,0.011066703290672164,0.002745417232498326,0.00794080255102966
2022-05-18,5.347,7182.7,0.014505293413323628,0.00982155748889113,0.0032173957493601447
2022-05-19,5.289,7064.5,-0.010906463882751627,-0.01659311471761349,0.008273727763931472
2022-05-20,5.386,7145.6,0.018173802305564424,0.011414540439975696,0.005048473291155105
2022-05-23,5.289,7148.9,-0.018173802305564424,0.0004617160528344044,-0.01866556051423525
2022-05-24,5.212,7128.8,-0.014665532821244165,-0.0028155814001635804,-0.011377081655561734
2022-05-25,5.183,7155.2,-0.005579620055029322,0.003696447782161272,-0.009802490066058375
2022-05-26,5.241,7105.9,0.01112828061245974,-0.006913940213410186,0.019143997040904887
2022-05-27,5.289,7182.7,0.009116872263813747,0.010749932056215883,-0.003241862055242432
2022-05-30,5.434,7286.6,0.027046318920313173,0.014361687966257364,0.010521593035088657
2022-05-31,5.338,7211.2,-0.017824460021823585,-0.010401671953349734,-0.005785808108383576
2022-06-01,5.357,7234.0,0.0035530659164908496,0.0031567605756581685,-4.730013616991661e-05
2022-06-02,5.241,7175.9,-0.021891797078794184,-0.008063944210530138,-0.012549604810788059
2022-06-03,5.318,7238.8,0.014584973000798973,0.008727257484533624,0.004559299225314985
2022-06-06,5.154,7206.3,-0.03132418059065478,-0.004499803371238897,-0.02609305813106019
2022-06-07,5.163,7095.7,0.0017446936673388702,-0.01546667665845014,0.019625591682013586
2022-06-08,5.26,7121.1,0.01861322085210637,0.0035732410986586416,0.01453246398968199
2022-06-09,5.047,7019.7,-0.04133701939149326,-0.014341725791060966,-0.024753699602652533
2022-06-10,4.999,6932.0,-0.00955611492669206,-0.012572110228457944,0.004986036053185667
2022-06-14,4.689,6686.0,-0.06401855232398401,-0.03613258385545315,-0.02230049664021773
2022-06-15,4.563,6601.0,-0.02723903816218387,-0.012794635291273337,-0.012440214927026478
2022-06-16,4.379,6591.1,-0.04115991412600417,-0.0015008985466256064,-0.0393878881608172
2022-06-17,4.224,6474.8,-0.036037841415300864,-0.017802535082338977,-0.015462639927174535
2022-06-20,4.291,6433.4,0.01573725960542749,-0.006414549194330377,0.02317695184355497
2022-06-21,4.408,6523.8,0.02690126584122554,0.013953858366283711,0.01084695233054727
2022-06-22,4.359,6508.5,-0.011178398594357875,-0.00234801332524448,-0.00842926534085965
2022-06-23,4.379,6528.4,0.004577714563005708,0.0030528753700256317,0.0010971752376471872
2022-06-24,4.311,6578.7,-0.01565049205426372,0.0076752671345605705,-0.024462744149314194
2022-06-27,4.495,6706.0,0.04179577215858621,0.01916549061507311,0.019730084530940488
2022-06-28,4.398,6763.6,-0.021815775791014236,0.008552644638101015,-0.03164004181256877
2022-06-29,4.398,6700.2,0.0,-0.009417915984473169,0.010903935401143787
2022-06-30,4.33,6568.1,-0.015582350118170885,-0.01991277932848412,0.007426919438496368
2022-07-01,4.311,6539.9,-0.004397646249401088,-0.004302722536852599,0.0006061526827026041
2022-07-04,4.369,6612.6,0.013364254204301318,0.011055045111087125,0.0006535862427230858
2022-07-05,4.349,6629.3,-0.004588216353797359,0.002522297986505606,-0.007456759475647569
2022-07-06,4.34,6594.5,-0.002071585503187867,-0.00526324964611824,0.004040136537770309
2022-07-07,4.311,6648.0,-0.006704452347316092,0.008080089269345336,-0.01598364784643847
2022-07-08,4.301,6678.0,-0.0023223419633982,0.004502483968314763,-0.007474937027055014
2022-07-11,4.253,6602.2,-0.011222937530102728,-0.011415614698961463,0.001985249931144418
2022-07-12,4.107,6606.3,-0.03493178129707486,0.00062081237561884,-0.035607049675158195
2022-07-13,4.282,6621.6,0.04172735519306947,0.0023132933909284503,0.03909988909972057
2022-07-14,4.272,6650.6,-0.0023380885095973802,0.00437004357254267,-0.007337919769290432
2022-07-15,4.272,6605.6,0.0,-0.006789302040509426,0.007871952123752355
2022-07-18,4.359,6687.1,0.02016057159836171,0.012262523228057987,0.006057134087310888
2022-07-19,4.349,6649.6,-0.002296739640754053,-0.005623594866422721,0.004230623763044808
2022-07-20,4.466,6759.2,0.026547219802464772,0.01634783737378065,0.007731563442706275
2022-07-21,4.456,6794.3,-0.0022416507929832186,0.005179485515792948,-0.008175135486871063
2022-07-22,4.369,6791.5,-0.019717352655684195,-0.0004121950918811734,-0.01920109522067776
2022-07-25,4.446,6789.9,0.017470665572705935,-0.00023561635875601894,0.017783247695402675
2022-07-26,4.359,6807.3,-0.01976214228574924,0.0025593518515432123,-0.02267342530838052
2022-07-27,4.379,6823.2,0.004577714563005708,0.002333004249566173,0.0019275129158453277
2022-07-28,4.446,6889.7,0.015184427722743532,0.009698972690555863,0.0040379258919218605
2022-07-29,4.417,6945.2,-0.0065440829276153245,0.008023230774528045,-0.01575769481151739
2022-08-01,4.495,6993.0,0.01750493530919428,0.006858875233882955,0.009634353099269579
2022-08-02,4.456,6998.1,-0.008714165298600696,0.0007290349187538681,-0.00951426331999308
2022-08-03,4.456,6975.9,0.0,-0.003177331998935884,0.0037057135668740037
2022-08-04,4.417,6974.9,-0.008790770010593585,-0.00014336095445521835,-0.008584600183141394
2022-08-05,4.475,7015.6,0.013045619112429296,0.005818250214753462,0.006375349205222594
2022-08-08,4.417,7020.6,-0.013045619112429296,0.0007124435689842556,-0.013826579787629655
2022-08-09,4.485,7029.8,0.015277762896370062,0.0013095714449153917,0.01380804313638854
2022-08-10,4.495,6992.7,0.0022271724128242187,-0.005291508157148073,0.00837148932496277
2022-08-11,4.543,7071.0,0.010621918853682688,0.011135164863507185,-0.0021811634961263465
2022-08-12,4.534,7032.5,-0.0019830346919291753,-0.005459651240229846,0.004355227404622506
2022-08-15,4.601,7064.3,0.014669119087994398,0.004511669874180058,0.009505928511430402
2022-08-16,4.621,7105.4,0.004337460714797903,0.005801127089736013,-0.0023130584683327873
2022-08-17,4.669,7127.7,0.010333784100670318,0.0031335433949237768,0.006760197980413282
2022-08-18,4.621,7112.8,-0.010333784100670318,-0.0020926239159226867,-0.007879230589497781
2022-08-19,4.553,7114.5,-0.014824775535484447,0.0002389771788173789,-0.015059614867651765
2022-08-22,4.466,7046.9,-0.019293202934678844,-0.009547151195056003,-0.0082402007608212
2022-08-23,4.408,6961.8,-0.013072081567352845,-0.012149742209135894,0.0009828876510379388
2022-08-24,4.398,6998.1,-0.002271179718043914,0.005200622041066083,-0.008229044405546823
2022-08-25,4.708,7048.1,0.068113297265461,0.007119393314987121,0.05994221963011265
2022-08-26,5.018,7104.1,0.06376825854620005,0.007914005211901554,0.05468063324169192
2022-08-29,4.999,6965.5,-0.003793555512797253,-0.019702690003230217,0.01897338583040562
2022-08-30,5.124,6998.3,0.024697491603054456,0.0046978702537430195,0.019319527594897256
2022-08-31,5.154,6986.8,0.005837728195685621,-0.0016446078457832414,0.007775516117987735
2022-09-01,5.037,6845.6,-0.02296244546665993,-0.020416544450393204,0.0006278936034171852
2022-09-02,5.115,6828.7,0.015366732640076375,-0.0024717914049823264,0.018258638121019632
2022-09-05,4.95,6852.2,-0.03278982282299081,0.0034354498772550812,-0.036711643954275855
2022-09-06,4.931,6826.5,-0.0038457693386098057,-0.003757671451312561,0.0005293386514571589
2022-09-07,4.902,6729.3,-0.00589852213606834,-0.014340970782717122,0.010683926785949933
2022-09-08,5.086,6848.7,0.036848381894007076,0.017587726881588495,0.01660257096091564
2022-09-09,5.076,6894.2,-0.0019681171477867743,0.0066216251663018255,-0.009565042497936447
2022-09-12,5.115,6964.5,0.007653849551448655,0.010145338738107412,-0.004007514644338952
2022-09-13,5.144,7009.7,0.00565358753172851,0.00646908697906845,-0.0017673921517258875
2022-09-14,5.066,6828.6,-0.015279435355834758,-0.026175229591254734,0.014953277763482174
2022-09-15,5.183,6842.9,0.022832487628085874,0.0020919438561968207,0.020460337873336575
2022-09-16,5.134,6739.1,-0.009498956758620558,-0.015285233539092502,0.008172655101671006
2022-09-19,5.086,6719.9,-0.009393415449020948,-0.002853111378913198,-0.006061675207652451
2022-09-20,5.115,6806.4,0.005685732403661881,0.012790072551826626,-0.009026208585558018
2022-09-21,5.076,6700.2,-0.007653849551448655,-0.01572596932611603,0.010526130431545724
2022-09-23,4.979,6574.7,-0.019294482192095508,-0.01890842705122253,0.002556313973581796
2022-09-26,4.902,6469.4,-0.015585782554124794,-0.016145581137099185,0.003078200032910556
2022-09-27,4.96,6496.2,0.01176245563091527,0.004134022053428055,0.00703486415778477
2022-09-28,4.989,6462.0,0.005829748142064162,-0.005278523160464843,0.011959087467672387
2022-09-29,5.076,6555.0,0.01728806097324087,0.01428924981335733,0.0008468891103718922
2022-09-30,4.863,6474.2,-0.04286801843049215,-0.012403069386806465,-0.028520848157560917
2022-10-03,4.824,6456.9,-0.00805207199676472,-0.002675721372751738,-0.004924942833220335
2022-10-04,5.008,6699.3,0.03743317437291327,0.03685371687070926,-0.005035055186369042
2022-10-05,5.134,6815.7,0.024848448651151323,0.017225731147044954,0.005020182871901684
2022-10-06,5.105,6817.5,-0.005664630832319828,0.0002640612637474504,-0.005928403483589136
2022-10-07,5.183,6762.8,0.015163587590940386,-0.00805583025693224,0.024496420792858145
2022-10-10,5.037,6667.8,-0.028573372444056,-0.014147035043155398,-0.012214619329704718
2022-10-11,5.076,6645.0,0.00771288308862772,-0.003425278272310095,0.011704591088533042
2022-10-12,5.008,6647.5,-0.0134869160543436,0.00037615196982798693,-0.013879980094014626
2022-10-13,5.444,6642.6,0.08347745099142223,-0.0007373910236978531,0.08436880672848557
2022-10-14,5.618,6758.8,0.03146164389283235,0.01734190639301758,0.01149937539939765
2022-10-17,5.648,6664.4,0.005325771508888799,-0.01406543243158076,0.02159039982630901
2022-10-18,5.715,6779.2,0.011792797055833137,0.017079173817380777,-0.007866421696278363
2022-10-19,5.812,6800.1,0.01683044846126247,0.003078217066127209,0.013320678674360837
2022-10-20,5.832,6730.7,0.0034352489983204837,-0.010258167821435293,0.015308375605467299
2022-10-21,5.657,6676.8,-0.030466278345338216,-0.008040319279697172,-0.02115133633040922
2022-10-24,5.648,6779.4,-0.0015922161700778759,0.01524977160596741,-0.01914130500928774
2022-10-25,5.754,6798.6,0.018593764938415136,0.0028281061713197886,0.01537248637415611
2022-10-26,5.677,6810.9,-0.01347234094076688,0.0018075613871140206,-0.015516468814394243
2022-10-27,5.648,6845.1,-0.005121423997648256,0.005008797817945165,-0.010858028412969772
2022-10-28,5.58,6785.7,-0.012112723797721214,-0.008715611117589006,-0.002018864222627587
2022-10-31,5.657,6863.5,0.01370493996779909,0.011400058989668338,0.0005963146292053516
2022-11-01,5.812,6976.9,0.027031029347017732,0.016387176337008924,0.008169997332560321
2022-11-02,5.793,6986.7,-0.003274453593549387,0.0014036497191298736,-0.00485268824398836
2022-11-03,5.764,6857.9,-0.0050186139772114835,-0.018607069341943117,0.016484580161494004
2022-11-04,5.783,6892.5,0.0032909010388055826,0.00503259149204105,-0.0024731482670568537
2022-11-07,5.851,6933.7,0.011690007630017929,0.005959717340390469,0.004856562008014077
2022-11-08,5.938,6958.9,0.01475978953546897,0.003627834622530912,0.01061606159590536
2022-11-09,5.822,6999.3,-0.01972853101813654,0.005788728176245428,-0.026364748634295936
2022-11-10,5.793,6964.0,-0.004993553208944457,-0.005056122149039055,0.0008792569488617012
2022-11-11,5.783,7158.0,-0.001727712938405901,0.027476590437892412,-0.03337986560683306
2022-11-14,5.638,7146.3,-0.025393186484160335,-0.0016358720956883843,-0.023465474841132285
2022-11-15,5.648,7141.6,0.0017721074990200147,-0.0006578993651302767,0.002571773324743399
2022-11-16,5.618,7122.2,-0.005325771508888799,-0.002720174422282895,-0.0021473678312161496
2022-11-17,5.715,7135.7,0.017118568564721937,0.001893687574510139,0.014975098160963754
2022-11-18,5.696,7151.8,-0.003330123137099461,0.0022537192391478555,-0.0058888732318977425
2022-11-21,5.686,7139.3,-0.0017571608808664152,-0.0017493409447411068,0.00030143177404348166
2022-11-22,5.686,7181.3,0.0,0.005865692837193848,-0.006724992753901314
2022-11-23,5.987,7247.4,0.05158343871440696,0.00916235869030757,0.04105589604223357
2022-11-24,5.996,7241.8,0.0015021282971363625,-0.0007729895755232974,0.0024345452992371
2022-11-25,5.87,7259.5,-0.021237946400346264,0.002441161659977098,-0.02401290256326387
2022-11-28,5.948,7229.1,0.013200394757903577,-0.004196408847175093,0.018081565819908583
2022-11-29,5.996,7253.3,0.008037551642442686,0.0033419906264082755,0.00422353138710436
2022-11-30,6.045,7284.2,0.008138903826404587,0.004251081208542118,0.0032762900912236105
2022-12-01,6.025,7354.4,-0.0033140046900372866,0.009591154638027177,-0.014336143438551429
2022-12-02,5.977,7301.5,-0.007998709534601467,-0.007218967069018589,0.00036884110954649683
2022-12-05,5.996,7325.6,0.003173810398234167,0.003295256312997097,-0.0005863040117560997
2022-12-06,5.977,7291.3,-0.003173810398234167,-0.004693206214472667,0.002280393198029933
2022-12-07,6.074,7229.4,0.016098596781439767,-0.008525811421764118,0.025973531281926476
2022-12-08,5.899,7175.5,-0.029234521602618857,-0.007483599546299402,-0.02056172976943566
2022-12-09,6.016,7213.2,0.019639741626600538,0.005240235222130352,0.013636184986946591
2022-12-12,5.948,7180.8,-0.011367558049629967,-0.004501883384849137,-0.006134036391591846
2022-12-13,6.083,7203.3,0.022442966740659598,0.003128456886573261,0.01887524766995333
2022-12-14,5.996,7251.3,-0.014405415098216912,0.006641508784529293,-0.02202527527228706
2022-12-15,5.958,7204.8,-0.006357725949260873,-0.00643329257206382,0.0011035858986918274
2022-12-16,6.035,7148.7,0.01284100025840429,-0.007816948572001436,0.021898294606224243
2022-12-19,6.025,7133.9,-0.0016583751727761165,-0.0020724525362663115,0.0007729115951226537
2022-12-20,5.88,7024.3,-0.02436071746618329,-0.015482503330012776,-0.006461564125873988
2022-12-21,5.899,7115.1,0.003226083110402733,0.012843720129932734,-0.011547737851745026
2022-12-22,5.967,7152.5,0.011461443519006576,0.00524265968530635,0.00545509037444054
2022-12-23,5.919,7107.7,-0.008076772831356882,-0.00628324250553014,-0.0007885367192102402
2022-12-28,5.89,7086.4,-0.004911518045092711,-0.0030012492498006083,-0.001408907696186964
2022-12-29,5.754,7020.1,-0.023360732534139173,-0.009399991236291427,-0.01247747249190965
2022-12-30,5.822,7038.7,0.011748580194075542,0.002646031076947608,0.008737316737829477
2023-01-03,5.754,6946.2,-0.011748580194075542,-0.013228746569852845,0.0035509701030388176
2023-01-04,5.88,7059.2,0.021661496781179457,0.016136983179391606,0.003089050875669481
2023-01-05,6.016,7063.6,0.02286582473700327,0.000623105919839162,0.022187910862901797
2023-01-06,6.083,7109.6,0.011075408691029631,0.006491146885297283,0.0036289839372026
2023-01-09,6.2,7151.3,0.019051296712477628,0.005848174918684279,0.012346510058485999
2023-01-10,6.132,7131.0,-0.011028331041478268,-0.002842681314646711,-0.007708621391559202
2023-01-11,6.18,7195.3,0.007797310460031737,0.008976558045885596,-0.0025159198563430296
2023-01-12,6.219,7280.4,0.006290850652152846,0.011757770662063294,-0.007230378374905609
2023-01-13,6.268,7328.1,0.007848202372022106,0.006530467812813967,0.00035642276684618064
2023-01-16,6.355,7388.2,0.013784580147643055,0.008167859329478944,0.004404145988050263
2023-01-17,6.335,7386.3,-0.0031520908683151383,-0.000257199906659622,-0.002814613132300672
2023-01-18,6.364,7393.4,0.004567296702438162,0.0009607773562603228,0.003499894615039807
2023-01-19,6.335,7435.3,-0.004567296702438162,0.005651218449459705,-0.011044903278337957
2023-01-20,6.355,7452.2,0.0031520908683151383,0.0022703620163646576,0.0005741441081691095
2023-01-23,6.355,7457.3,0.0,0.0006841275963527238,-0.0007482995247491755
2023-01-24,6.209,7490.4,-0.023242052258661827,0.004428782234356277,-0.028309635818293856
2023-01-25,6.268,7468.3,0.009457472111018772,-0.0029548043719511696,0.012906510464963692
2023-01-27,6.287,7493.8,0.003026684907149635,0.0034086157276931317,-0.0008641842873088976
2023-01-30,6.18,7481.7,-0.017165737931324587,-0.0016159731071585526,-0.015260978841142116
2023-01-31,6.142,7476.7,-0.00616784945096871,-0.0006685207223000589,-0.0053559323863762885
2023-02-01,6.2,7501.7,0.00939887003241524,0.0033381433550978556,0.005589287424645348
2023-02-02,6.122,7511.6,-0.012660451527825245,0.00131883082799078,-0.014140851553240193
2023-02-03,6.219,7558.1,0.01572028159853156,0.006171343501350179,0.008642735094935017
2023-02-06,6.287,7539.0,0.010874887279171741,-0.002530288623699306,0.01383426656673125
2023-02-07,6.277,7504.1,-0.001591850065529421,-0.004640009388422683,0.003800993479227596
2023-02-08,6.345,7530.1,0.010774941830956397,0.0034587840949615867,0.006826205770592627
2023-02-09,6.335,7490.3,-0.0015772873932486942,-0.005299471804551814,0.0045762152138111795
2023-02-10,6.306,7433.7,-0.0045882526502332155,-0.007585134195881693,0.004201654653753996
2023-02-13,6.306,7417.8,0.0,-0.0021411986768704594,0.0025105822266996434
2023-02-14,6.248,7430.9,-0.009240148585484276,0.0017644646869712233,-0.01123456643058357
2023-02-15,6.268,7352.2,0.0031959119563895744,-0.010647393780347514,0.015517992507974863
2023-02-16,6.364,7410.3,0.015199785981766079,0.007871336153002062,0.006161377441607227
2023-02-17,6.393,7346.8,0.004546531309049362,-0.008606080046183351,0.014514051914657064
2023-02-20,6.374,7351.5,-0.002976425789445125,0.0006395297633332575,-0.003673283799081961
2023-02-21,6.2,7336.3,-0.027677923944098737,-0.002069745697273362,-0.02524975938841377
2023-02-22,6.268,7314.5,0.010908032442728421,-0.002975948902298242,0.014381460023766897
2023-02-23,5.841,7285.4,-0.07055530943560195,-0.003986333952331833,-0.06591644994225737
2023-02-24,5.967,7307.0,0.02134227348177231,0.002960447325408566,0.017968345584190953
2023-02-27,6.083,7224.8,0.019253706798623593,-0.011313240854628148,0.032343810817159924
2023-02-28,6.219,7258.4,0.022111126783183943,0.004639866918829227,0.016800066909768707
2023-03-01,6.238,7251.6,0.0030504960638593204,-0.00093728469990495,0.004172419809932876
2023-03-02,6.326,7255.4,0.01400850669784548,0.0005238850330062661,0.01344503947740196
2023-03-03,6.306,7283.6,-0.0031665637605879926,0.0038792262691682566,-0.0076002602101454915
2023-03-06,6.374,7328.6,0.010725654872275614,0.006159256273736702,0.003662050420564722
2023-03-07,6.374,7364.7,0.0,0.004913814138129524,-0.005627045181837475
2023-03-08,6.558,7307.8,0.028458462427311648,-0.007756045014893687,0.037445507369695555
2023-03-09,6.587,7311.1,0.00441233123609952,0.0004514703645348561,0.0039323909498211905
2023-03-10,6.326,7144.7,-0.04042988477509879,-0.02302291814050328,-0.01383321552055555
2023-03-13,6.297,7108.8,-0.004594795376851479,-0.005037369897047839,0.0012563849350880531
2023-03-14,6.19,7008.9,-0.01713824281010079,-0.014152683153623613,-0.0007729748644149902
2023-03-15,6.219,7068.9,0.004674035425247469,0.008524110770416371,-0.0051173181141003065
2023-03-16,6.103,6965.5,-0.018828668559394357,-0.01473548865215868,-0.001791161721577627
2023-03-17,6.268,6994.8,0.026676870931416463,0.004197623693226404,0.021875917940621454
2023-03-20,6.025,6898.5,-0.03953984511705566,-0.01386301919141708,-0.0235086910078615
2023-03-21,6.132,6955.4,0.017603481632848972,0.008214339636547052,0.008169434612348193
2023-03-22,6.238,7015.6,0.017138657176043903,0.008617904599347526,0.007239116840573092
2023-03-23,6.238,6968.6,0.0,-0.006721897136788613,0.007794203718983752
2023-03-24,6.229,6955.2,-0.0014438119136030991,-0.0019247625126670442,0.0008171213176651508
2023-03-27,6.297,6962.0,0.0108575232345971,0.0009772081368577545,0.009771169010039046
2023-03-28,6.287,7034.1,-0.0015893201056815798,0.010302961223414897,-0.013432494468264743
2023-03-29,6.287,7050.3,0.0,0.002300418497641843,-0.0026126155059384357
2023-03-30,6.393,7122.3,0.016719632383665806,0.010160537857290208,0.005040736714571082
2023-03-31,6.413,7177.8,0.003123538382135971,0.007762222455180989,-0.005789012609451496
2023-04-03,6.49,7223.0,0.01193535054927275,0.006277449645933686,0.004735415569139195
2023-04-04,6.578,7236.0,0.013468217050866649,0.0017981884643401003,0.011434900405406154
2023-04-05,6.568,7237.2,-0.001521375616738263,0.00016582372975548765,-0.001671835865872679
2023-04-06,6.364,7219.0,-0.03155226167458647,-0.0025179521057818732,-0.028607111983622074
2023-04-11,6.432,7309.9,0.010628421401124744,0.012513154620531708,-0.003764107702289682
2023-04-12,6.297,7343.9,-0.021212202370059607,0.004640442890194052,-0.026523926599513286
2023-04-13,6.258,7324.1,-0.00621268425991528,-0.0026997562075710135,-0.0030578320382115736
2023-04-14,6.297,7361.6,0.00621268425991528,0.0051070199588885146,0.0003627851976207106
2023-04-17,6.413,7381.5,0.018253850660120197,0.0026995695729397085,0.015180833052064392
2023-04-18,6.364,7360.2,-0.007670069691185333,-0.0028897637073814764,-0.0042960527026937095
2023-04-19,6.345,7365.5,-0.0029900093091894675,0.0007198299882311687,-0.003779489873621895
2023-04-20,6.345,7362.2,0.0,-0.00044813515419583894,0.0005577126164250332
2023-04-21,6.413,7330.4,0.0106600790003748,-0.004328716449792935,0.015693860695649195
2023-04-24,6.403,7322.0,-0.0015605496300608035,-0.0011465699708228527,-0.00019722510960401324
2023-04-26,6.471,7316.3,0.010564025538464028,-0.0007787789959330382,0.011503120366309558
2023-04-27,6.345,7292.7,-0.019663554908778025,-0.003230887881349176,-0.015896067135670378
2023-04-28,6.393,7309.2,0.0075365406182388295,0.002259980827540531,0.0049705680740047544
2023-05-01,6.529,7334.6,0.021050150419906544,0.0034690483989923138,0.017089574964774784
2023-05-02,6.335,7267.4,-0.030163978431394067,-0.009204283580990236,-0.019506458018786962
2023-05-03,6.306,7197.4,-0.0045882526502332155,-0.009678743771724285,0.006616535407893701
2023-05-04,6.151,7193.1,-0.02488689089663798,-0.0005976165008831913,-0.024156758536157806
2023-05-05,6.122,7220.0,-0.004725829703010387,0.0037327197110386123,-0.00899053768802089
2023-05-08,6.171,7276.5,0.00797205881570906,0.007795024466508593,-0.000978327762210315
2023-05-09,6.19,7264.1,0.003074187357575031,-0.0017055696471857118,0.005082291867383803
2023-05-10,6.122,7255.7,-0.011046246173284091,-0.0011570408596703885,-0.009670843972132477
2023-05-11,6.151,7251.9,0.004725829703010387,-0.0005238633663608994,0.005370891271318778
2023-05-12,6.054,7256.7,-0.015895459626704245,0.000661676547030865,-0.016617862915811788
2023-05-15,6.171,7267.1,0.019141688739402918,0.001432132331419922,0.01753060072745829
2023-05-16,6.103,7234.7,-0.011080445776571857,-0.004468418252939088,-0.005885524583451747
2023-05-17,6.161,7199.2,0.009458648470075603,-0.004918985385936381,0.015173277783791773
2023-05-18,6.248,7236.8,0.014022310504951285,0.005209211003839087,0.008054538850486686
2023-05-19,6.316,7279.5,0.010824683856010875,0.00588305878980222,0.004079660287761388
2023-05-22,6.297,7263.3,-0.003012766886790086,-0.0022279075144844285,-0.0004021700701765012
2023-05-23,6.161,7259.9,-0.021834227474172074,-0.00046821637960192675,-0.02125335210318561
2023-05-24,6.277,7213.8,0.018653057302961074,-0.006370196410376394,0.02604159067861541
2023-05-25,6.229,7138.2,-0.007676353063386099,-0.010535214498382572,0.004516333931656385
2023-05-26,6.229,7154.8,0.0,0.0023228164085544734,-0.002638450448909633
2023-05-29,6.219,7217.4,-0.0016066841502562212,0.008711317108991423,-0.011613971447881689
2023-05-30,6.384,7209.3,0.0261857380257553,-0.0011229180410126105,0.027521781151077073
2023-05-31,6.442,7091.3,0.009044190761499538,-0.0165031786280867,0.02812064533408494
2023-06-01,6.578,7110.8,0.020891696857858078,0.0027460744895488887,0.017765038002939337
2023-06-02,6.471,7145.1,-0.016400091691736174,0.004812052018756674,-0.021909759027002106
2023-06-05,6.413,7216.3,-0.009003475908403225,0.00991554909036374,-0.020399788489868995
2023-06-06,6.151,7129.6,-0.04171250994049469,-0.012087224304796251,-0.027729652201589374
2023-06-07,6.142,7118.0,-0.0014642482076003827,-0.0016283447827181163,0.0004547810318735227
2023-06-08,6.025,7099.7,-0.019232942641912,-0.002574257454561746,-0.01622284736381782
2023-06-09,5.996,7122.5,-0.0048248991363673,0.0032062577564886396,-0.008482357872759975
2023-06-13,6.19,7138.9,0.031842506456153385,0.0022999154682050715,0.029230471171149953
2023-06-14,6.19,7161.7,0.0,0.0031886800999387788,-0.0036371837314467066
2023-06-15,6.316,7175.3,0.020151009696890876,0.0018971896602124616,0.01800349980102324
2023-06-16,6.442,7251.2,0.01975295451561143,0.01052239979321179,0.0076566680231292695
2023-06-19,6.403,7294.9,-0.006072420372342124,0.006008501450107673,-0.012962136183890034
2023-06-20,6.374,7357.8,-0.0045394145415202924,0.008585501152294839,-0.01440157901591451
2023-06-21,6.219,7314.9,-0.02461809387339242,-0.005847611175239464,-0.01783233813177802
2023-06-22,6.122,7195.5,-0.01572028159853156,-0.01645753321056631,0.0033035231192019426
2023-06-23,6.006,7099.2,-0.019129870962082185,-0.013473728985584188,-0.0035477449031454823
2023-06-26,5.87,7078.7,-0.022904335721133373,-0.0028918266155368855,-0.019527939264540564
2023-06-27,5.812,7118.2,-0.009929888131968712,0.0055646094465711116,-0.01630759527264228
2023-06-28,5.996,7196.5,0.031167834532314975,0.01093991224704638,0.018589966946102376
2023-06-29,5.996,7194.9,0.0,-0.00022235501849543482,0.000297285786771026
2023-06-30,6.006,7203.3,0.0016663893207871094,0.0011668126506112486,0.00036133515501530003
2023-07-03,5.996,7246.1,-0.0016663893207871094,0.0059241387425892356,-0.008458796693787492
2023-07-04,5.987,7279.0,-0.0015021282971363625,0.004530097040827741,-0.0066865737488233405
2023-07-05,5.967,7253.2,-0.003346163403270319,-0.003550739338386677,0.0007902580701298189
2023-07-06,5.967,7163.4,0.0,-0.012458022200473096,0.014410555774048825
2023-07-07,5.928,7042.3,-0.0065574005461590534,-0.017049907238165574,0.013149679914582053
2023-07-10,5.919,7004.0,-0.0015193722851978286,-0.00545340693549079,0.004811687297804372
2023-07-11,6.035,7108.9,0.01940833884090698,0.014866105748760461,0.002301790628794074
2023-07-12,6.035,7135.7,0.0,0.003762833862877457,-0.004299443251099262
2023-07-13,6.142,7246.9,0.017574567469135882,0.015463437183395712,-0.00022097462320552416
2023-07-14,6.142,7303.1,0.0,0.007725124328461064,-0.008869760037025403
2023-07-17,6.219,7298.5,0.012458700103121556,-0.0006300679586033198,0.013226263702738368
2023-07-18,6.171,7283.8,-0.0077482227828225,-0.0020161435410628314,-0.00538188580803265
2023-07-19,6.258,7323.7,0.013999745907760541,0.005462960702521613,0.007739285840524156
2023-07-20,6.374,7325.0,0.01836657074845438,0.00017749015317569672,0.018202653825395567
2023-07-21,6.374,7313.9,0.0,-0.0015165076784882103,0.0017900303689491453
2023-07-24,6.481,7306.4,0.016647603450434145,-0.0010259708293105518,0.017871822500050406
2023-07-25,6.374,7339.7,-0.016647603450434145,0.0045472934612078575,-0.021851884168970877
2023-07-26,6.413,7402.0,0.006099964171581096,0.008452264107424057,-0.003608517601363206
2023-07-27,6.393,7455.9,-0.003123538382135971,0.007255431312216842,-0.011451529486515224
2023-07-28,6.374,7403.6,-0.002976425789445125,-0.007039296875756662,0.0051838836876738
2023-07-31,6.326,7410.4,-0.007559091111687621,0.0009180505572565778,-0.008577209834226215
2023-08-01,6.287,7450.7,-0.006184115482533059,0.005423568751391272,-0.012399138776003071
2023-08-02,6.171,7354.6,-0.01862311006199424,-0.012982019906839781,-0.0036081474343853427
2023-08-03,6.103,7311.7,-0.011080445776571857,-0.005850162938463299,-0.004291746695392397
2023-08-04,6.18,7325.3,0.01253781790724151,0.0018583048321030304,0.01043515984244735
2023-08-07,6.229,7309.2,0.007897534802409067,-0.002200281047569419,0.010476265781176032
2023-08-08,6.268,7311.1,0.006241518221765885,0.00025991258875635026,0.0059825308731178434
2023-08-09,6.277,7338.0,0.001434834841620214,0.003672584696031933,-0.0027605102153328512
2023-08-10,6.297,7357.4,0.0031811701712110008,0.0026402835268086733,0.00017653624531009573
2023-08-11,6.287,7340.1,-0.0015893201056815798,-0.0023541429480786746,0.0011668833811510878
2023-08-14,6.19,7277.0,-0.01554892270441921,-0.008633777146870969,-0.005549454788210829
2023-08-15,6.151,7305.0,-0.006320416470273704,0.0038403558377133606,-0.010709277694625588
2023-08-16,6.142,7195.2,-0.0014642482076003827,-0.015144908168357674,0.016045504898788285
2023-08-17,6.035,7146.0,-0.017574567469135882,-0.006861377433088123,-0.009619479750096947
2023-08-18,6.074,7148.1,0.006441512074062183,0.0002938275253594469,0.0061434054318143675
2023-08-21,5.996,7115.5,-0.0129247863832056,-0.004571083984998836,-0.007611445068530128
2023-08-22,6.035,7121.6,0.006483274309143416,0.0008569161378755297,0.0055356712808786145
2023-08-23,5.977,7148.4,-0.009657084707377583,0.0037561361610514155,-0.013948802472587164
2023-08-24,6.025,7182.1,0.007998709534601467,0.004703263964586313,0.0026145241331820496
2023-08-25,6.045,7115.2,0.0033140046900372866,-0.009358478630796085,0.014149381882846543
2023-08-28,5.928,7159.8,-0.01954459607297032,0.006248706847232555,-0.026711377578738656
2023-08-29,5.841,7210.5,-0.014784872935613258,0.007056249398459613,-0.022883117015688105
2023-08-30,5.841,7297.7,0.0,0.012020932996701816,-0.013824774475295756
2023-08-31,5.725,7305.3,-0.0200594656178692,0.001040882104522467,-0.021219264786903752
2023-09-01,5.638,7278.3,-0.015313156748382406,-0.003702793665352644,-0.011001347718481434
2023-09-04,5.473,7318.8,-0.029702480530139796,0.005549061652414977,-0.03606225401722761
2023-09-05,5.463,7314.3,-0.0018288227482003983,-0.0006150439950332043,-0.0010785885880812865
2023-09-06,5.522,7257.1,0.010742024094382074,-0.007851036113367016,0.01983863682732479
2023-09-07,5.396,7171.0,-0.023082175162453256,-0.011935185099435586,-0.009274687537984104
2023-09-08,5.367,7156.7,-0.005388845150817723,-0.001996134026851948,-0.003045588215078658
2023-09-11,5.347,7192.3,-0.0037334372280972694,0.004962028440230526,-0.009416095353036197
2023-09-12,5.405,7206.9,0.010788795124577089,0.0020278911333058147,0.008490527190748238
2023-09-13,5.396,7153.9,-0.0016665127456620965,-0.00738123790200973,0.0068882097169901905
2023-09-14,5.415,7186.5,0.0035149421074445186,0.0045466034640373465,-0.0016885427316184545
2023-09-15,5.434,7279.0,0.003502630551202035,0.012789224126970922,-0.01120833181961689
2023-09-18,5.338,7230.4,-0.017824460021823585,-0.00669913046124293,-0.010056516598572806
2023-09-19,5.279,7196.6,-0.011114365140853177,-0.004685667407118288,-0.005668857206377847
2023-09-20,5.163,7163.3,-0.022218879943967096,-0.004637923619405626,-0.016828442236246265
2023-09-21,5.144,7065.2,-0.0036868189621939162,-0.013789444349203706,0.012259470006670322
2023-09-22,5.144,7068.8,0.0,0.0005094099445113187,-0.0005467708826810935
2023-09-25,5.066,7076.5,-0.015279435355834758,0.0010887009480953225,-0.01649439132504913
2023-09-26,4.999,7038.2,-0.013313659148050272,-0.0054269795321566505,-0.0070130823391191715
2023-09-27,5.018,7030.3,0.003793555512797253,-0.0011230764943466198,0.005129781406630951
2023-09-28,5.018,7024.8,0.0,-0.0007826341016059501,0.0009435415119847848
2023-09-29,5.018,7048.6,0.0,0.003382270480317473,-0.003860481183444147
2023-10-02,4.94,7033.2,-0.015666116744399217,-0.0021872212557187964,-0.013102449624890943
2023-10-03,4.863,6943.4,-0.01570979977818232,-0.012850226193323877,-0.0008468550367918062
2023-10-04,4.776,6890.2,-0.018052155331347963,-0.007691455914450529,-0.009139610896311327
2023-10-05,4.882,6925.5,0.021951595880467245,0.005110139452543905,0.01609809862810038
2023-10-06,4.873,6954.2,-0.0018452081093991435,0.004135541964734202,-0.006574552729154289
2023-10-09,4.689,6970.2,-0.03849042375391987,0.002298125167596865,-0.04110039401088141
2023-10-10,4.747,7040.6,0.012293499461731638,0.010049475045693868,0.0007427095528127134
2023-10-11,4.873,7088.4,0.02619692429218823,0.006766251308011562,0.01843317944990867
2023-10-12,4.873,7091.0,0.0,0.00036672920280622634,-0.000382195318494855
2023-10-13,4.863,7051.0,-0.0020542324397201384,-0.005656923584954399,0.004511574082543108
2023-10-16,4.747,7026.5,-0.02414269185246809,-0.003480735178241545,-0.020087016904587716
2023-10-17,4.747,7056.1,0.0,0.0042037753810024725,-0.004808048675008204
2023-10-18,4.708,7077.6,-0.008249650171150424,0.0030423762473734683,-0.011718079249440622
2023-10-19,4.592,6981.6,-0.024947530380765137,-0.01365675032007374,-0.009154297770083746
2023-10-20,4.621,6900.7,0.006295472870864183,-0.011655261134018602,0.01978008128972219
2023-10-23,4.64,6844.1,0.004103234350034457,-0.008235888471345376,0.013643756283236342
2023-10-24,4.611,6856.9,-0.006269613013595521,0.0018684772971244712,-0.008384004541154606
2023-10-25,4.679,6854.3,0.01463965865951078,-0.0003792520029115565,0.015117917781721658
2023-10-26,4.64,6812.3,-0.008370045645915258,-0.0061463907955658925,-0.0012396615823917542
2023-10-27,4.611,6826.9,-0.006269613013595521,0.002140888846337674,-0.008698218525935216
2023-10-30,4.65,6772.9,0.008422466374696569,-0.007941334988942117,0.017623234638480798
2023-10-31,4.756,6780.7,0.02253975922927043,0.0011509858430365227,0.021252960546016796
2023-11-01,4.795,6838.3,0.008166729506866144,0.008458821271393191,-0.0015493156481210732
2023-11-02,4.921,6899.7,0.0259380535484397,0.008938769665062907,0.015668410362460097
2023-11-03,5.018,6978.2,0.01951968606038923,0.011313071464307711,0.006511396764994508
2023-11-06,5.115,6997.4,0.019145951459359267,0.0027476476257639604,0.01601747806537209
2023-11-07,5.086,6977.1,-0.005685732403661881,-0.0029052938250249127,-0.002293802150615396
2023-11-08,5.154,6995.4,0.013281445230245437,0.0026194325229802473,0.010300861962323346
2023-11-09,5.163,7014.9,0.0017446936673388702,0.0027836681001573993,-0.0014253276596399153
2023-11-10,5.115,6976.5,-0.009340406493922426,-0.005489099935196862,-0.0029681767046686536
2023-11-13,5.057,6948.8,-0.011403977305743718,-0.00397837555170355,-0.006774297455410296
2023-11-14,5.124,7006.7,0.013161961936641653,0.008297851344888585,0.003631588065353457
2023-11-15,5.221,7105.9,0.018753570393927665,0.014058590741814925,0.002578452985080429
2023-11-16,5.163,7058.4,-0.011171148530903174,-0.006707027959365064,-0.003394095712834443
2023-11-17,5.076,7049.4,-0.01699425604537108,-0.0012758901063136818,-0.015481766795289925
2023-11-20,5.134,7058.4,0.011361532596807722,0.0012758901063136818,0.009930662686053793
2023-11-21,5.173,7078.2,0.007567708572429277,0.0028012411679565474,0.004377417533413912
2023-11-22,5.134,7073.4,-0.007567708572429277,-0.0006783685497158132,-0.006744432499370903
2023-11-23,5.095,7029.2,-0.007625415774260791,-0.006268368205445185,-0.0003543364717795809
2023-11-24,5.095,7040.8,0.0,0.001648898738910276,-0.0018611179275662124
2023-11-27,5.057,6987.6,-0.007486244576841994,-0.007584650428526629,0.0013031047241208217
2023-11-28,5.076,7015.2,0.003750127754295063,0.0039420738340716355,-0.0007560604227941246
2023-11-29,5.037,7035.3,-0.00771288308862772,0.0028611100973581216,-0.010972230138396488
2023-11-30,5.134,7087.3,0.019074415685435442,0.007364116380463415,0.010621061436657416
2023-12-01,5.183,7073.2,0.009498956758620558,-0.0019914557621465434,0.011836817534765107
2023-12-04,5.299,7124.7,0.022134084303055745,0.007254625806419668,0.013807022311950233
2023-12-05,5.289,7061.6,-0.0018889314267822588,-0.0088959652812175,0.008412958243177613
2023-12-06,5.338,7178.4,0.009221858898489588,0.016404862277823895,-0.009659573021750516
2023-12-07,5.299,7173.3,-0.007332927471707329,-0.0007107172271823003,-0.006472338711729164
2023-12-08,5.386,7194.9,0.016284870878782165,0.0030066419275645018,0.01285765966755021
2023-12-11,5.318,7199.0,-0.012705701568579197,0.0005696857850736592,-0.013321997815011557
2023-12-12,5.309,7235.3,-0.0016937992192935791,0.005029696836833963,-0.007454509675720991
2023-12-13,5.231,7257.8,-0.01480102921306048,0.003104928286713715,-0.01834160914396328
2023-12-14,5.173,7377.9,-0.011149673367095936,0.016412292663295247,-0.030039675889552253
2023-12-15,5.241,7442.7,0.013059528798651021,0.00874464096334826,0.0030138039931594113
2023-12-18,5.289,7426.4,0.009116872263813747,-0.0021924671337725243,0.011686590258373743
2023-12-19,5.202,7489.1,-0.016586025057383047,0.008407410992107955,-0.026242770859022158
2023-12-20,5.241,7537.9,0.0074691527935693,0.006494998542921238,1.828533276626576e-05
2023-12-21,5.202,7504.1,-0.0074691527935693,-0.0044940907974719835,-0.002244619520710143
2023-12-22,5.192,7501.6,-0.0019241876246709477,-0.0003332067178636322,-0.001499039585808242
2023-12-27,5.183,7561.2,-0.001734940194219492,0.007913576630594221,-0.01082207115022893
2023-12-28,5.26,7614.3,0.014746987542049173,0.006998150533460645,0.006715757786202809
2023-12-29,5.202,7590.8,-0.011087859723158733,-0.0030910705896474155,-0.00748164465854576
