scenario_id,model,prompt_variant,n_successful_seeds,mean_prob_vector,var_prob_vector,mean_factor_ratings,var_factor_ratings,mean_seed_variance
S1_001,gpt-4o-mini,1,150,"{""D0_minimal"": 0.08299999999999999, ""D1_review"": 0.415, ""D3_ceo_transition"": 0.502}","{""D0_minimal"": 0.001261, ""D1_review"": 0.008325, ""D3_ceo_transition"": 0.012395999999999999}","[4.04, 4.56, 4.28, 3.2, 3.8, 3.12, 3.72, 3.1, 4.22, 3.2]","[0.838399999999999, 0.2864000000000006, 0.6016000000000007, 0.4800000000000005, 0.6800000000000009, 0.4256000000000001, 0.5616000000000004, 0.41000000000000003, 0.41160000000000063, 0.6400000000000008]",0.007327333333333334
S1_002,gpt-4o-mini,1,50,"{""D0_minimal"": 0.11199999999999999, ""D1_review"": 0.463, ""D3_ceo_transition"": 0.425}","{""D0_minimal"": 0.0018560000000000002, ""D1_review"": 0.005680999999999999, ""D3_ceo_transition"": 0.008325}","[2.42, 3.1, 2.94, 2.76, 3.88, 2.66, 2.92, 2.76, 3.32, 3.18]","[0.7235999999999998, 0.5700000000000002, 0.6164000000000001, 0.4224000000000004, 0.3456, 0.4244000000000003, 0.43359999999999954, 0.22240000000000004, 0.5375999999999997, 0.30760000000000026]",0.005287333333333334
S1_003,gpt-4o-mini,1,50,"{""D0_minimal"": 0.066, ""D1_review"": 0.34, ""D3_ceo_transition"": 0.594}","{""D0_minimal"": 0.000544, ""D1_review"": 0.0041, ""D3_ceo_transition"": 0.006064000000000001}","[4.98, 4.14, 4.14, 3.0, 4.24, 2.82, 3.56, 2.92, 4.34, 3.0]","[0.019599999999999985, 0.3604000000000002, 0.3604000000000001, 0.28, 0.34240000000000026, 0.2676000000000001, 0.3263999999999998, 0.3535999999999996, 0.3044000000000001, 0.4]",0.003569333333333334
S1_004,gpt-4o-mini,1,50,"{""D0_minimal"": 0.066, ""D1_review"": 0.3459999999999999, ""D3_ceo_transition"": 0.5880000000000001}","{""D0_minimal"": 0.000544, ""D1_review"": 0.0033840000000000007, ""D3_ceo_transition"": 0.005356}","[4.94, 4.18, 4.16, 2.92, 4.36, 2.82, 3.38, 2.76, 4.18, 3.22]","[0.05640000000000009, 0.30759999999999954, 0.2544000000000001, 0.19360000000000002, 0.39039999999999997, 0.26760000000000006, 0.6755999999999996, 0.34240000000000026, 0.3475999999999997, 0.37160000000000026]",0.003094666666666667
S1_005,gpt-4o-mini,1,50,"{""D0_minimal"": 0.046599999999999996, ""D1_review"": 0.2748, ""D3_ceo_transition"": 0.6786}","{""D0_minimal"": 0.00023444000000000004, ""D1_review"": 0.0022169599999999996, ""D3_ceo_transition"": 0.0023960399999999986}","[5.0, 4.76, 4.8, 3.3, 4.38, 3.04, 3.9, 2.96, 4.5, 3.16]","[0.0, 0.18239999999999998, 0.20000000000000004, 0.37000000000000005, 0.3956, 0.19839999999999985, 0.12999999999999998, 0.23839999999999986, 0.29, 0.49440000000000045]",0.0016158133333333327
S1_006,gpt-4o-mini,1,50,"{""D0_minimal"": 0.042199999999999994, ""D1_review"": 0.28240000000000004, ""D3_ceo_transition"": 0.6754000000000001}","{""D0_minimal"": 0.00028515999999999996, ""D1_review"": 0.0018902399999999992, ""D3_ceo_transition"": 0.002220839999999999}","[5.0, 4.8, 4.7, 3.34, 4.52, 3.08, 3.82, 2.94, 4.44, 3.58]","[0.0, 0.15999999999999998, 0.21, 0.2644000000000001, 0.36960000000000015, 0.31359999999999966, 0.2676000000000003, 0.29640000000000016, 0.2863999999999997, 0.3636000000000001]",0.0014654133333333328
S1_007,gpt-4o-mini,1,50,"{""D0_minimal"": 0.03780000000000001, ""D1_review"": 0.28640000000000004, ""D3_ceo_transition"": 0.6758}","{""D0_minimal"": 0.00038916000000000005, ""D1_review"": 0.0028550400000000005, ""D3_ceo_transition"": 0.002800359999999999}","[5.0, 4.66, 4.72, 3.46, 4.44, 2.96, 3.82, 2.88, 4.44, 3.36]","[0.0, 0.34440000000000026, 0.20160000000000008, 0.4084000000000001, 0.4463999999999999, 0.27839999999999987, 0.38759999999999983, 0.22560000000000013, 0.40639999999999993, 0.5504000000000002]",0.002014853333333333
S1_008,gpt-4o-mini,1,50,"{""Drev_commission_review"": 0.33099999999999996, ""Drev_no_action"": 0.08399999999999999, ""Drev_sack_ceo"": 0.585}","{""Drev_commission_review"": 0.013289, ""Drev_no_action"": 0.0012439999999999999, ""Drev_sack_ceo"": 0.018125}","[4.96, 4.14, 4.12, 3.0, 4.28, 2.88, 3.62, 2.86, 4.28, 3.04]","[0.03840000000000002, 0.20040000000000005, 0.5455999999999999, 0.4, 0.40159999999999985, 0.22560000000000013, 0.5155999999999998, 0.3203999999999999, 0.4815999999999998, 0.5184000000000002]",0.010886
S1_009,gpt-4o-mini,1,50,"{""Drev_commission_review"": 0.236, ""Drev_no_action"": 0.0504, ""Drev_sack_ceo"": 0.7136}","{""Drev_commission_review"": 0.007503999999999998, ""Drev_no_action"": 6.784000000000001e-05, ""Drev_sack_ceo"": 0.007743040000000002}","[5.0, 4.66, 4.62, 3.32, 4.56, 2.88, 3.94, 2.98, 4.44, 3.24]","[0.0, 0.22440000000000015, 0.2755999999999997, 0.5775999999999996, 0.4463999999999999, 0.30560000000000015, 0.33639999999999987, 0.4195999999999999, 0.28639999999999977, 0.46240000000000053]",0.0051049599999999995
S1_010,gpt-4o-mini,1,150,"{""D0_minimal"": 0.051599999999999986, ""D1_review"": 0.25299999999999995, ""D3_ceo_transition"": 0.6954000000000002}","{""D0_minimal"": 0.00010543999999999998, ""D1_review"": 0.0012409999999999995, ""D3_ceo_transition"": 0.0014368399999999996}","[5.0, 4.84, 4.74, 3.52, 4.32, 3.18, 4.02, 3.04, 4.62, 3.38]","[0.0, 0.13440000000000035, 0.19239999999999965, 0.4496000000000007, 0.45760000000000134, 0.26760000000000045, 0.2195999999999997, 0.4384000000000012, 0.23559999999999978, 0.4355999999999994]",0.0009277599999999997
S1_011,gpt-4o-mini,1,100,"{""D0_minimal"": 0.04999999999999999, ""D1_review"": 0.247, ""D3_ceo_transition"": 0.7030000000000001}","{""D0_minimal"": 1.925929944387236e-34, ""D1_review"": 0.0012409999999999997, ""D3_ceo_transition"": 0.0012410000000000003}","[5.0, 4.8, 4.82, 3.58, 4.36, 3.2, 3.98, 3.0, 4.58, 3.32]","[0.0, 0.2399999999999998, 0.14759999999999965, 0.4036000000000003, 0.3904000000000003, 0.24000000000000007, 0.2596, 0.2, 0.24360000000000018, 0.49760000000000054]",0.0008273333333333332
S1_012,gpt-4o-mini,1,50,"{""D0_minimal"": 0.04999999999999999, ""D1_review"": 0.25300000000000006, ""D3_ceo_transition"": 0.6970000000000001}","{""D0_minimal"": 1.925929944387236e-34, ""D1_review"": 0.0006409999999999998, ""D3_ceo_transition"": 0.0006409999999999996}","[5.0, 4.86, 4.84, 3.62, 4.44, 3.06, 3.92, 3.12, 4.46, 3.36]","[0.0, 0.1604, 0.13439999999999985, 0.5156, 0.24639999999999979, 0.2564, 0.23359999999999967, 0.3456, 0.24840000000000018, 0.5904000000000003]",0.0004273333333333331
S1_013,gpt-4o-mini,1,50,"{""D0_minimal"": 0.04419999999999999, ""D1_review"": 0.19799999999999998, ""D3_ceo_transition"": 0.7578}","{""D0_minimal"": 0.00021636, ""D1_review"": 0.0022960000000000003, ""D3_ceo_transition"": 0.002709160000000002}","[5.0, 4.94, 4.8, 3.68, 4.6, 3.06, 4.06, 3.04, 4.72, 3.3]","[0.0, 0.056400000000000075, 0.20000000000000018, 0.33759999999999996, 0.39999999999999986, 0.29640000000000005, 0.1363999999999999, 0.3583999999999999, 0.20160000000000008, 0.4500000000000001]",0.0017405066666666674
S1_014,gpt-4o-mini,1,100,"{""D0_minimal"": 0.046599999999999996, ""D1_review"": 0.22099999999999997, ""D3_ceo_transition"": 0.7323999999999999}","{""D0_minimal"": 0.00013844, ""D1_review"": 0.001809, ""D3_ceo_transition"": 0.0019702400000000024}","[5.0, 4.92, 4.86, 3.58, 4.44, 3.04, 4.26, 3.08, 4.6, 3.62]","[0.0, 0.07360000000000011, 0.12040000000000015, 0.3236000000000003, 0.36640000000000034, 0.2784000000000001, 0.2323999999999997, 0.2335999999999995, 0.2799999999999999, 0.6355999999999995]",0.001305893333333334
S1_015,gpt-4o-mini,1,50,"{""D0_minimal"": 0.04899999999999999, ""D1_review"": 0.21799999999999997, ""D3_ceo_transition"": 0.7330000000000001}","{""D0_minimal"": 4.9000000000000005e-05, ""D1_review"": 0.0019759999999999995, ""D3_ceo_transition"": 0.002061000000000002}","[5.0, 4.9, 4.9, 3.74, 4.62, 2.92, 3.98, 2.96, 4.64, 3.44]","[0.0, 0.08999999999999998, 0.0899999999999999, 0.3524000000000001, 0.4756, 0.3535999999999998, 0.33960000000000007, 0.3183999999999999, 0.23039999999999985, 0.5264000000000001]",0.0013620000000000004
S1_016,gpt-4o-mini,1,50,"{""D0_minimal"": 0.044199999999999996, ""D1_review"": 0.20379999999999998, ""D3_ceo_transition"": 0.7519999999999999}","{""D0_minimal"": 0.00024836000000000004, ""D1_review"": 0.00218756, ""D3_ceo_transition"": 0.002696000000000002}","[5.0, 4.88, 4.74, 3.72, 4.32, 3.16, 3.94, 3.04, 4.6, 3.4]","[0.0, 0.2256000000000001, 0.3523999999999999, 0.36160000000000003, 0.49759999999999954, 0.2944000000000002, 0.41639999999999994, 0.19839999999999988, 0.23999999999999988, 0.43999999999999984]",0.0017106400000000005
S1_017,gpt-4o-mini,1,50,"{""D0_minimal"": 0.04739999999999999, ""D1_review"": 0.2, ""D3_ceo_transition"": 0.7526}","{""D0_minimal"": 9.124e-05, ""D1_review"": 0.0021000000000000003, ""D3_ceo_transition"": 0.002551240000000002}","[5.0, 4.86, 4.86, 3.74, 4.64, 3.18, 4.06, 3.04, 4.7, 3.4]","[0.0, 0.16039999999999974, 0.12039999999999992, 0.4323999999999998, 0.23039999999999983, 0.22760000000000002, 0.2564, 0.43839999999999996, 0.21, 0.4799999999999999]",0.0015808266666666674
S1_018,gpt-4o-mini,1,400,"{""Drev_commission_review"": 0.26899999999999996, ""Drev_no_action"": 0.0472, ""Drev_sack_ceo"": 0.6838}","{""Drev_commission_review"": 0.0010889999999999995, ""Drev_no_action"": 0.00012416, ""Drev_sack_ceo"": 0.0011195599999999988}","[5.0, 4.9, 4.8, 3.46, 4.52, 3.16, 3.9, 2.98, 4.44, 3.18]","[0.0, 0.12999999999999967, 0.15999999999999964, 0.4084000000000001, 0.36960000000000015, 0.2143999999999988, 0.37000000000000044, 0.29959999999999964, 0.24640000000000056, 0.3475999999999986]",0.0007775733333333328
S1_019,gpt-4o-mini,1,200,"{""Drev_commission_review"": 0.244, ""Drev_no_action"": 0.042800000000000005, ""Drev_sack_ceo"": 0.7132}","{""Drev_commission_review"": 0.0023639999999999998, ""Drev_no_action"": 0.00028016000000000006, ""Drev_sack_ceo"": 0.0029977600000000004}","[5.0, 5.0, 4.8, 3.5, 4.48, 3.12, 4.16, 2.84, 4.5, 3.26]","[0.0, 0.0, 0.1599999999999999, 0.69, 0.32960000000000106, 0.26560000000000017, 0.21439999999999965, 0.41439999999999905, 0.29, 0.4324000000000001]",0.00188064
S1_020,gpt-4o-mini,1,100,"{""Drev_commission_review"": 0.25000000000000006, ""Drev_no_action"": 0.04699999999999999, ""Drev_sack_ceo"": 0.7030000000000003}","{""Drev_commission_review"": 0.0024, ""Drev_no_action"": 0.000141, ""Drev_sack_ceo"": 0.002740999999999999}","[5.0, 4.9, 4.86, 3.64, 4.58, 3.04, 4.12, 2.96, 4.76, 3.34]","[0.0, 0.08999999999999991, 0.16040000000000026, 0.39039999999999964, 0.4836000000000004, 0.15839999999999985, 0.3055999999999994, 0.2784000000000001, 0.18240000000000034, 0.6244000000000006]",0.0017606666666666662
S1_021,gpt-4o-mini,1,150,"{""Drev_commission_review"": 0.24399999999999997, ""Drev_no_action"": 0.047399999999999984, ""Drev_sack_ceo"": 0.7086000000000001}","{""Drev_commission_review"": 0.0009639999999999995, ""Drev_no_action"": 0.00010724, ""Drev_sack_ceo"": 0.0010200400000000005}","[5.0, 4.94, 4.78, 3.66, 4.54, 3.1, 4.1, 2.98, 4.56, 3.46]","[0.0, 0.09640000000000035, 0.29160000000000036, 0.4644000000000004, 0.3683999999999997, 0.2100000000000006, 0.17000000000000062, 0.29959999999999953, 0.24640000000000048, 0.6084000000000008]",0.0006970933333333333
S1_022,gpt-4o-mini,1,50,"{""Drev_commission_review"": 0.231, ""Drev_no_action"": 0.052000000000000005, ""Drev_sack_ceo"": 0.7170000000000001}","{""Drev_commission_review"": 0.0026890000000000004, ""Drev_no_action"": 9.6e-05, ""Drev_sack_ceo"": 0.002761000000000002}","[4.98, 4.86, 4.78, 3.56, 4.56, 3.02, 3.98, 3.06, 4.42, 3.26]","[0.019599999999999982, 0.20040000000000005, 0.1716, 0.48639999999999994, 0.24639999999999979, 0.21960000000000018, 0.33960000000000035, 0.3364000000000001, 0.24359999999999982, 0.5123999999999996]",0.0018486666666666675
S1_023,gpt-4o-mini,1,50,"{""Drev_commission_review"": 0.22099999999999997, ""Drev_no_action"": 0.053999999999999986, ""Drev_sack_ceo"": 0.7250000000000001}","{""Drev_commission_review"": 0.0019089999999999997, ""Drev_no_action"": 0.00018400000000000005, ""Drev_sack_ceo"": 0.002325000000000002}","[5.0, 4.86, 4.88, 3.68, 4.46, 3.08, 4.0, 3.02, 4.68, 3.5]","[0.0, 0.2003999999999999, 0.10560000000000011, 0.49759999999999976, 0.4084000000000001, 0.43359999999999954, 0.16, 0.25960000000000016, 0.2175999999999998, 0.53]",0.0014726666666666673
S1_025,gpt-4o-mini,1,100,"{""D0_minimal"": 0.04939999999999999, ""D1_review"": 0.237, ""D3_ceo_transition"": 0.7136000000000001}","{""D0_minimal"": 1.7640000000000004e-05, ""D1_review"": 0.001481, ""D3_ceo_transition"": 0.0014830400000000008}","[5.0, 4.94, 4.66, 3.58, 4.56, 3.02, 4.16, 3.08, 4.5, 3.32]","[0.0, 0.056399999999999936, 0.22440000000000038, 0.4036000000000001, 0.28640000000000004, 0.2995999999999998, 0.3344000000000003, 0.19359999999999963, 0.25, 0.6976000000000008]",0.0009938933333333334
S1_026,gpt-4o-mini,1,50,"{""D0_minimal"": 0.04999999999999999, ""D1_review"": 0.251, ""D3_ceo_transition"": 0.6990000000000001}","{""D0_minimal"": 1.925929944387236e-34, ""D1_review"": 0.0022489999999999993, ""D3_ceo_transition"": 0.0022490000000000006}","[5.0, 4.92, 4.7, 3.72, 4.5, 3.2, 4.26, 3.12, 4.4, 3.5]","[0.0, 0.0736, 0.21, 0.4415999999999995, 0.25, 0.2800000000000002, 0.23240000000000025, 0.22560000000000013, 0.23999999999999988, 0.61]",0.0014993333333333334
S1_029,gpt-4o-mini,1,132,"{""Drev_commission_review"": 0.46772727272727277, ""Drev_no_action"": 0.09363636363636363, ""Drev_sack_ceo"": 0.4386363636363636}","{""Drev_commission_review"": 0.01780847107438016, ""Drev_no_action"": 0.001968595041322314, ""Drev_sack_ceo"": 0.022257231404958677}","[4.113636363636363, 4.5, 4.136363636363637, 3.0454545454545454, 4.159090909090909, 2.977272727272727, 3.7954545454545454, 2.8863636363636362, 4.045454545454546, 3.2045454545454546]","[0.6461776859504131, 0.29545454545454547, 0.4359504132231403, 0.2706611570247936, 0.6337809917355373, 0.2949380165289256, 0.4354338842975215, 0.37345041322314004, 0.6342975206611559, 0.5263429752066124]",0.01401143250688705
S1_030,gpt-4o-mini,1,18,"{""Drev_commission_review"": 0.5333333333333333, ""Drev_no_action"": 0.125, ""Drev_sack_ceo"": 0.3416666666666666}","{""Drev_commission_review"": 0.017222222222222222, ""Drev_no_action"": 0.003958333333333334, ""Drev_sack_ceo"": 0.017013888888888884}","[4.5, 4.666666666666667, 4.5, 3.3333333333333335, 4.166666666666667, 3.1666666666666665, 3.8333333333333335, 3.1666666666666665, 4.0, 2.5]","[0.25, 0.22222222222222213, 0.25, 0.2222222222222222, 0.1388888888888889, 0.13888888888888884, 0.8055555555555559, 0.13888888888888884, 1.0, 0.25]",0.01273148148148148
S1_031,gpt-4o-mini,1,50,"{""D0_minimal"": 0.04999999999999999, ""D1_review"": 0.255, ""D3_ceo_transition"": 0.6950000000000002}","{""D0_minimal"": 1.925929944387236e-34, ""D1_review"": 0.0013249999999999996, ""D3_ceo_transition"": 0.0013249999999999996}","[5.0, 4.92, 4.74, 3.52, 4.36, 3.08, 3.86, 2.96, 4.54, 3.32]","[0.0, 0.07360000000000003, 0.1924, 0.5295999999999996, 0.3103999999999998, 0.3135999999999996, 0.3204, 0.15839999999999985, 0.24840000000000018, 0.5375999999999997]",0.0008833333333333331
S1_032,gpt-4o-mini,1,100,"{""D0_minimal"": 0.04719999999999999, ""D1_review"": 0.207, ""D3_ceo_transition"": 0.7458, ""Drev_commission_review"": 0.0, ""Drev_no_action"": 0.0, ""Drev_sack_ceo"": 0.0}","{""D0_minimal"": 0.00012416000000000006, ""D1_review"": 0.0023009999999999997, ""D3_ceo_transition"": 0.0027243600000000016, ""Drev_commission_review"": 0.0, ""Drev_no_action"": 0.0, ""Drev_sack_ceo"": 0.0}","[5.0, 4.94, 4.84, 3.62, 4.5, 3.18, 4.16, 2.98, 4.64, 3.6]","[0.0, 0.05639999999999991, 0.13440000000000019, 0.43559999999999965, 0.37, 0.46760000000000085, 0.37439999999999996, 0.2595999999999998, 0.27040000000000003, 0.4799999999999994]",0.0008582533333333335
S1_033,gpt-4o-mini,1,84,"{""D0_minimal"": 0.0, ""D1_review"": 0.0, ""D3_ceo_transition"": 0.0, ""Drev_commission_review"": 0.22499999999999998, ""Drev_no_action"": 0.05238095238095236, ""Drev_sack_ceo"": 0.7226190476190476}","{""D0_minimal"": 0.0, ""D1_review"": 0.0, ""D3_ceo_transition"": 0.0, ""Drev_commission_review"": 0.002291666666666666, ""Drev_no_action"": 0.00023242630385487514, ""Drev_sack_ceo"": 0.0028812358276644003}","[5.0, 4.9523809523809526, 4.809523809523809, 3.642857142857143, 4.595238095238095, 3.1904761904761907, 4.095238095238095, 3.0, 4.309523809523809, 3.0]","[0.0, 0.045351473922902445, 0.2018140589569161, 0.4200680272108838, 0.24092970521541965, 0.3446712018140589, 0.27664399092970565, 0.42857142857142855, 0.30895691609977327, 0.5714285714285714]",0.0009008881330309903
S1_034,gpt-4o-mini,1,16,"{""Drev_commission_review"": 0.19374999999999998, ""Drev_no_action"": 0.05, ""Drev_sack_ceo"": 0.75625}","{""Drev_commission_review"": 0.0033984375, ""Drev_no_action"": 0.0, ""Drev_sack_ceo"": 0.003398437500000003}","[5.0, 5.0, 5.0, 3.625, 4.5, 3.5, 4.0, 3.125, 4.5, 3.125]","[0.0, 0.0, 0.0, 1.234375, 0.5, 0.25, 0.0, 0.359375, 0.25, 0.359375]",0.0022656250000000007
S1_035,gpt-4o-mini,1,88,"{""Drev_commission_review"": 0.2136363636363636, ""Drev_no_action"": 0.049999999999999996, ""Drev_sack_ceo"": 0.7363636363636364}","{""Drev_commission_review"": 0.0022004132231404957, ""Drev_no_action"": 4.81482486096809e-35, ""Drev_sack_ceo"": 0.0022004132231404983}","[5.0, 4.909090909090909, 4.863636363636363, 4.0, 4.5227272727272725, 3.0681818181818183, 4.068181818181818, 3.022727272727273, 4.613636363636363, 3.409090909090909]","[0.0, 0.08264462809917349, 0.11776859504132214, 0.36363636363636365, 0.2949380165289253, 0.2908057851239669, 0.199896694214876, 0.34039256198347057, 0.23708677685950438, 0.5599173553719002]",0.0014669421487603313
S1_036,gpt-4o-mini,1,12,"{""Drev_commission_review"": 0.20000000000000004, ""Drev_no_action"": 0.05000000000000001, ""Drev_sack_ceo"": 0.75}","{""Drev_commission_review"": 0.0008333333333333335, ""Drev_no_action"": 4.81482486096809e-35, ""Drev_sack_ceo"": 0.0008333333333333348}","[5.0, 4.833333333333333, 4.833333333333333, 3.3333333333333335, 4.5, 3.6666666666666665, 3.8333333333333335, 3.1666666666666665, 4.333333333333333, 3.6666666666666665]","[0.0, 0.13888888888888892, 0.13888888888888892, 0.2222222222222222, 0.25, 0.2222222222222222, 0.13888888888888887, 0.13888888888888884, 0.22222222222222218, 0.2222222222222222]",0.0005555555555555561
S1_037,gpt-4o-mini,1,50,"{""Drev_commission_review"": 0.2674, ""Drev_no_action"": 0.04719999999999999, ""Drev_sack_ceo"": 0.6854}","{""Drev_commission_review"": 0.0017552399999999993, ""Drev_no_action"": 0.00010016000000000004, ""Drev_sack_ceo"": 0.0015568399999999997}","[5.0, 4.92, 4.66, 3.48, 4.42, 3.06, 4.0, 2.92, 4.4, 3.28]","[0.0, 0.11360000000000003, 0.30440000000000017, 0.40959999999999985, 0.4036000000000001, 0.29640000000000005, 0.2, 0.23359999999999992, 0.43999999999999995, 0.4815999999999998]",0.0011374133333333328
S1_039,gpt-4o-mini,1,300,"{""Drev_commission_review"": 0.26580000000000004, ""Drev_no_action"": 0.04739999999999999, ""Drev_sack_ceo"": 0.6868000000000001}","{""Drev_commission_review"": 0.0015523599999999996, ""Drev_no_action"": 0.00010724, ""Drev_sack_ceo"": 0.0018977599999999988}","[5.0, 4.86, 4.48, 3.6, 4.42, 3.02, 3.98, 3.02, 4.36, 3.3]","[0.0, 0.12040000000000006, 0.2896000000000006, 0.3999999999999984, 0.2835999999999998, 0.2595999999999995, 0.2995999999999996, 0.3795999999999997, 0.4703999999999998, 0.4100000000000007]",0.001185786666666666
S1_041,gpt-4o-mini,1,50,"{""D0_minimal"": 0.04699999999999999, ""D1_review"": 0.205, ""D3_ceo_transition"": 0.7480000000000001}","{""D0_minimal"": 0.00011699999999999998, ""D1_review"": 0.002425, ""D3_ceo_transition"": 0.002872000000000002}","[5.0, 4.88, 4.86, 3.68, 4.44, 3.14, 3.96, 3.0, 4.72, 3.48]","[0.0, 0.10560000000000008, 0.12039999999999988, 0.4975999999999998, 0.4463999999999999, 0.28040000000000004, 0.27839999999999987, 0.32, 0.20160000000000008, 0.4895999999999998]",0.0018046666666666673
S1_042,gpt-4o-mini,1,100,"{""Drev_commission_review"": 0.25500000000000006, ""Drev_no_action"": 0.04699999999999999, ""Drev_sack_ceo"": 0.6980000000000003}","{""Drev_commission_review"": 0.0019249999999999992, ""Drev_no_action"": 0.000141, ""Drev_sack_ceo"": 0.002396}","[5.0, 4.88, 4.8, 3.68, 4.48, 3.06, 4.02, 2.98, 4.64, 3.46]","[0.0, 0.14560000000000015, 0.16000000000000036, 0.41760000000000025, 0.28959999999999964, 0.2164, 0.17960000000000018, 0.2595999999999998, 0.23040000000000002, 0.4483999999999998]",0.001487333333333333
S1_043,gpt-4o-mini,1,50,"{""Drev_commission_review"": 0.23900000000000002, ""Drev_no_action"": 0.051, ""Drev_sack_ceo"": 0.71}","{""Drev_commission_review"": 0.0020289999999999996, ""Drev_no_action"": 4.900000000000002e-05, ""Drev_sack_ceo"": 0.002200000000000001}","[5.0, 4.92, 4.78, 3.74, 4.54, 3.14, 4.16, 2.94, 4.4, 3.34]","[0.0, 0.07360000000000001, 0.17160000000000009, 0.5523999999999996, 0.32840000000000025, 0.36040000000000005, 0.4144000000000004, 0.33640000000000003, 0.2799999999999999, 0.38440000000000046]",0.0014260000000000002
S1_045,gpt-4o-mini,1,50,"{""Drev_commission_review"": 0.24, ""Drev_no_action"": 0.05139999999999999, ""Drev_sack_ceo"": 0.7086}","{""Drev_commission_review"": 0.0013999999999999996, ""Drev_no_action"": 0.00011604000000000003, ""Drev_sack_ceo"": 0.0015640399999999998}","[5.0, 4.92, 4.84, 3.8, 4.6, 3.34, 4.06, 3.0, 4.6, 3.42]","[0.0, 0.07360000000000005, 0.13439999999999988, 0.44, 0.3199999999999999, 0.3844000000000004, 0.29640000000000016, 0.2, 0.23999999999999988, 0.7636000000000003]",0.0010266933333333331
S1_049,gpt-4o-mini,1,50,"{""Drev_commission_review"": 0.2728, ""Drev_no_action"": 0.05719999999999999, ""Drev_sack_ceo"": 0.67}","{""Drev_commission_review"": 0.0016121599999999996, ""Drev_no_action"": 0.00038016000000000015, ""Drev_sack_ceo"": 0.002099999999999999}","[5.0, 4.86, 4.72, 3.34, 4.46, 3.12, 3.98, 2.84, 4.48, 3.46]","[0.0, 0.1203999999999999, 0.24160000000000006, 0.4644000000000005, 0.3284000000000003, 0.3456, 0.3396000000000001, 0.33440000000000025, 0.24960000000000004, 0.4084000000000001]",0.001364106666666666
S1_051,gpt-4o-mini,1,50,"{""Drev_commission_review"": 0.2676, ""Drev_no_action"": 0.06060000000000001, ""Drev_sack_ceo"": 0.6718}","{""Drev_commission_review"": 0.0029582399999999996, ""Drev_no_action"": 0.00040564, ""Drev_sack_ceo"": 0.003826759999999999}","[5.0, 4.82, 4.6, 3.46, 4.26, 3.04, 4.12, 3.18, 4.52, 3.36]","[0.0, 0.1876, 0.2799999999999999, 0.4484000000000002, 0.4723999999999997, 0.19839999999999988, 0.1456000000000001, 0.38760000000000006, 0.2896000000000001, 0.5104000000000002]",0.0023968799999999992
S1_052,gpt-4o-mini,1,50,"{""Drev_no_action"": 0.1026, ""Drev_sack_ceo"": 0.8974000000000001}","{""Drev_no_action"": 0.0011712399999999998, ""Drev_sack_ceo"": 0.00117124}","[5.0, 4.98, 4.86, 3.74, 4.58, 3.22, 4.18, 3.04, 4.72, 3.18]","[0.0, 0.0196, 0.12039999999999988, 0.35239999999999994, 0.28359999999999985, 0.3316000000000002, 0.3075999999999997, 0.4384000000000001, 0.20160000000000008, 0.5076]",0.00117124
S1_053,gpt-4o-mini,1,50,"{""Drev_no_action"": 0.184, ""Drev_sack_ceo"": 0.816}","{""Drev_no_action"": 0.0042439999999999995, ""Drev_sack_ceo"": 0.004244}","[5.0, 4.92, 4.46, 3.4, 4.56, 3.16, 4.12, 3.2, 4.6, 3.2]","[0.0, 0.07360000000000005, 0.24840000000000018, 0.44, 0.28639999999999977, 0.2944000000000003, 0.18560000000000013, 0.24000000000000024, 0.23999999999999988, 0.68]",0.0042439999999999995
S1_054,gpt-4o-mini,1,100,"{""Drev_no_action"": 0.077, ""Drev_sack_ceo"": 0.9230000000000002}","{""Drev_no_action"": 0.001221, ""Drev_sack_ceo"": 0.0012209999999999983}","[5.0, 5.0, 5.0, 3.94, 4.52, 3.3, 4.36, 3.18, 4.76, 3.5]","[0.0, 0.0, 0.0, 0.3363999999999998, 0.2895999999999996, 0.37000000000000044, 0.27040000000000003, 0.3075999999999997, 0.18240000000000034, 0.81]",0.0012209999999999992
S1_055,gpt-4o-mini,1,50,"{""Drev_no_action"": 0.11319999999999998, ""Drev_sack_ceo"": 0.8867999999999999}","{""Drev_no_action"": 0.00127776, ""Drev_sack_ceo"": 0.00127776}","[5.0, 5.0, 4.86, 3.7, 4.52, 3.2, 4.08, 3.14, 4.72, 3.44]","[0.0, 0.0, 0.12039999999999998, 0.6500000000000001, 0.4495999999999998, 0.40000000000000013, 0.3935999999999995, 0.36040000000000005, 0.24160000000000006, 0.7263999999999998]",0.00127776
S1_056,gpt-4o-mini,1,50,"{""Drev_no_action"": 0.07200000000000001, ""Drev_sack_ceo"": 0.9280000000000002}","{""Drev_no_action"": 0.0007160000000000001, ""Drev_sack_ceo"": 0.0007159999999999984}","[5.0, 4.98, 4.94, 3.74, 4.7, 3.24, 4.3, 3.12, 4.88, 3.58]","[0.0, 0.019599999999999985, 0.05640000000000004, 0.6323999999999994, 0.21, 0.38240000000000024, 0.33, 0.3856, 0.1056000000000001, 0.4836000000000001]",0.0007159999999999992
S1_057,gpt-4o-mini,1,126,"{""Drev_commission_review"": 0.2654761904761904, ""Drev_no_action"": 0.0488095238095238, ""Drev_sack_ceo"": 0.6857142857142858}","{""Drev_commission_review"": 0.0011295351473922897, ""Drev_no_action"": 0.0001771541950113379, ""Drev_sack_ceo"": 0.001343537414965986}","[5.0, 4.976190476190476, 4.761904761904762, 3.5476190476190474, 4.428571428571429, 3.1666666666666665, 4.023809523809524, 3.0, 4.357142857142857, 3.2857142857142856]","[0.0, 0.02324263038548756, 0.18140589569161011, 0.3429705215419508, 0.34013605442176875, 0.28174603174603197, 0.3565759637188211, 0.42857142857142855, 0.2772108843537415, 0.3945578231292518]",0.0008834089191232045
S1_058,gpt-4o-mini,1,24,"{""Drev_commission_review"": 0.26875, ""Drev_no_action"": 0.05000000000000001, ""Drev_sack_ceo"": 0.68125}","{""Drev_commission_review"": 0.0005859374999999998, ""Drev_no_action"": 4.81482486096809e-35, ""Drev_sack_ceo"": 0.0005859374999999985}","[5.0, 4.75, 4.75, 4.0, 4.25, 3.25, 4.125, 2.625, 4.625, 3.25]","[0.0, 0.4375, 0.1875, 0.25, 0.1875, 0.1875, 0.109375, 0.234375, 0.234375, 0.1875]",0.0003906249999999994
S1_060,gpt-4o-mini,1,50,"{""D0_minimal"": 0.09899999999999999, ""D1_review"": 0.439, ""D3_ceo_transition"": 0.462}","{""D0_minimal"": 0.001949, ""D1_review"": 0.008629, ""D3_ceo_transition"": 0.012656}","[3.96, 4.4, 4.16, 3.2, 3.98, 3.02, 3.76, 2.96, 4.1, 3.0]","[0.8384000000000006, 0.4799999999999999, 0.4544000000000004, 0.3200000000000005, 0.6195999999999995, 0.4995999999999998, 0.46240000000000053, 0.27839999999999987, 0.37000000000000016, 0.56]",0.007744666666666666
S1_061,gpt-4o-mini,1,50,"{""D0_minimal"": 0.09299999999999999, ""D1_review"": 0.4260000000000001, ""D3_ceo_transition"": 0.48100000000000004}","{""D0_minimal"": 0.0020009999999999997, ""D1_review"": 0.008824, ""D3_ceo_transition"": 0.014589000000000003}","[4.36, 4.7, 4.34, 3.16, 3.98, 3.08, 3.92, 2.9, 4.34, 3.18]","[0.6304, 0.29, 0.26440000000000013, 0.6144000000000003, 0.4595999999999998, 0.31359999999999966, 0.4335999999999999, 0.20999999999999996, 0.34440000000000026, 0.5476000000000001]",0.008471333333333334
S1_062,gpt-4o-mini,1,50,"{""Drev_commission_review"": 0.5128, ""Drev_no_action"": 0.1032, ""Drev_sack_ceo"": 0.384}","{""Drev_commission_review"": 0.01194816, ""Drev_no_action"": 0.0018017599999999997, ""Drev_sack_ceo"": 0.015744}","[4.1, 4.56, 4.24, 3.08, 3.86, 3.0, 3.6, 2.94, 4.1, 3.12]","[0.5700000000000007, 0.24639999999999979, 0.46240000000000037, 0.35359999999999947, 0.6803999999999999, 0.36, 0.56, 0.3363999999999999, 0.5300000000000009, 0.5855999999999997]",0.009831306666666666
S1_070,gpt-4o-mini,1,50,"{""Drev_commission_review"": 0.825, ""Drev_no_action"": 0.175}","{""Drev_commission_review"": 0.0023249999999999994, ""Drev_no_action"": 0.0023250000000000002}","[4.96, 4.82, 4.68, 3.3, 4.3, 3.06, 3.98, 3.32, 4.58, 3.42]","[0.038400000000000024, 0.14760000000000006, 0.21759999999999988, 0.4500000000000001, 0.33, 0.3763999999999998, 0.33960000000000024, 0.41759999999999975, 0.24359999999999984, 0.4436]",0.002325
S1_071,gpt-4o-mini,1,100,"{""Drev_commission_review"": 0.826, ""Drev_no_action"": 0.174}","{""Drev_commission_review"": 0.0034240000000000004, ""Drev_no_action"": 0.003424}","[4.98, 4.88, 4.76, 3.34, 4.5, 3.32, 3.88, 3.12, 4.44, 3.24]","[0.019599999999999982, 0.1056000000000001, 0.18240000000000042, 0.38440000000000046, 0.29, 0.49760000000000043, 0.3455999999999995, 0.3455999999999996, 0.24639999999999998, 0.42240000000000016]",0.003424
S1_072,gpt-4o-mini,1,50,"{""Drev_commission_review"": 0.8250000000000002, ""Drev_no_action"": 0.17500000000000004}","{""Drev_commission_review"": 0.002525, ""Drev_no_action"": 0.002525}","[4.98, 4.84, 4.62, 3.28, 4.34, 3.12, 3.8, 3.14, 4.44, 3.38]","[0.019599999999999992, 0.13439999999999988, 0.23559999999999984, 0.3616000000000001, 0.26440000000000025, 0.5455999999999999, 0.2400000000000002, 0.32040000000000013, 0.28639999999999977, 0.35559999999999975]",0.002525
S1_073,gpt-4o-mini,1,50,"{""Drev_commission_review"": 0.8369999999999999, ""Drev_no_action"": 0.163}","{""Drev_commission_review"": 0.0023809999999999994, ""Drev_no_action"": 0.002381}","[5.0, 4.9, 4.8, 3.38, 4.48, 3.08, 3.82, 3.24, 4.4, 3.46]","[0.0, 0.08999999999999991, 0.15999999999999998, 0.2755999999999997, 0.3296, 0.4735999999999996, 0.3876000000000001, 0.3824000000000003, 0.3199999999999999, 0.3684000000000002]",0.0023809999999999994
S1_074,gpt-4o-mini,1,50,"{""Drev_commission_review"": 0.824, ""Drev_no_action"": 0.176}","{""Drev_commission_review"": 0.003324, ""Drev_no_action"": 0.003324}","[5.0, 4.8, 4.76, 3.42, 4.14, 3.08, 3.98, 2.98, 4.58, 3.12]","[0.0, 0.20000000000000007, 0.2224000000000002, 0.44360000000000027, 0.4404000000000002, 0.31359999999999955, 0.4195999999999999, 0.3796000000000001, 0.2835999999999999, 0.46559999999999974]",0.003324
S1_075,gpt-4o-mini,1,100,"{""Drev_commission_review"": 0.8169999999999998, ""Drev_no_action"": 0.183}","{""Drev_commission_review"": 0.003661000000000001, ""Drev_no_action"": 0.003660999999999999}","[5.0, 4.88, 4.68, 3.36, 4.32, 3.0, 3.86, 3.08, 4.44, 3.28]","[0.0, 0.10560000000000012, 0.21759999999999954, 0.4703999999999995, 0.2975999999999994, 0.44, 0.4403999999999997, 0.47359999999999985, 0.2864000000000001, 0.5216000000000001]",0.003661
S2_001,gpt-4o-mini,1,50,"{""Drev_no_action"": 0.10600000000000001, ""Drev_sack_ceo"": 0.894}","{""Drev_no_action"": 0.000964, ""Drev_sack_ceo"": 0.0009639999999999993}","[5.0, 4.98, 4.92, 3.86, 4.68, 3.32, 4.24, 3.26, 4.72, 3.3]","[0.0, 0.019599999999999982, 0.07360000000000012, 0.3604000000000001, 0.2575999999999996, 0.41759999999999975, 0.26240000000000024, 0.27240000000000025, 0.20160000000000008, 0.53]",0.0009639999999999996
S2_002,gpt-4o-mini,1,300,"{""Drev_commission_review"": 0.177, ""Drev_no_action"": 0.055, ""Drev_sack_ceo"": 0.7679999999999999}","{""Drev_commission_review"": 0.0021210000000000005, ""Drev_no_action"": 0.0002249999999999999, ""Drev_sack_ceo"": 0.002676000000000001}","[5.0, 4.86, 4.56, 3.38, 4.36, 3.1, 4.04, 3.04, 4.4, 3.36]","[0.0, 0.1603999999999994, 0.2464000000000009, 0.4756000000000002, 0.5104000000000006, 0.29000000000000087, 0.3183999999999996, 0.35839999999999916, 0.24000000000000057, 0.7904000000000039]",0.0016740000000000004
S2_004,gpt-4o-mini,1,50,"{""Drev_no_action"": 0.07200000000000001, ""Drev_sack_ceo"": 0.9280000000000002}","{""Drev_no_action"": 0.0010160000000000002, ""Drev_sack_ceo"": 0.0010159999999999982}","[5.0, 4.98, 4.94, 4.04, 4.68, 3.28, 4.3, 3.02, 4.7, 3.54]","[0.0, 0.019599999999999996, 0.05640000000000005, 0.47840000000000016, 0.2175999999999998, 0.4815999999999996, 0.33, 0.4196000000000001, 0.21, 0.44840000000000013]",0.0010159999999999991
S2_006,gpt-4o-mini,1,100,"{""Drev_no_action"": 0.0694, ""Drev_sack_ceo"": 0.9306}","{""Drev_no_action"": 0.00084164, ""Drev_sack_ceo"": 0.0008416399999999985}","[5.0, 4.96, 4.98, 3.72, 4.68, 3.16, 4.32, 3.18, 4.78, 3.48]","[0.0, 0.038399999999999934, 0.01959999999999998, 0.4816000000000002, 0.2175999999999995, 0.3743999999999999, 0.33759999999999946, 0.38760000000000067, 0.17159999999999972, 0.4896000000000005]",0.0008416399999999993
S2_008,gpt-4o-mini,1,100,"{""Drev_no_action"": 0.06699999999999999, ""Drev_sack_ceo"": 0.9330000000000002}","{""Drev_no_action"": 0.0006610000000000002, ""Drev_sack_ceo"": 0.0006609999999999987}","[5.0, 5.0, 4.98, 3.7, 4.64, 3.26, 4.26, 3.2, 4.78, 3.48]","[0.0, 0.0, 0.019599999999999982, 0.490000000000001, 0.27040000000000003, 0.4723999999999998, 0.23239999999999988, 0.32000000000000006, 0.17159999999999972, 0.6496000000000006]",0.0006609999999999995
S2_009,gpt-4o-mini,1,50,"{""Drev_no_action"": 0.08799999999999997, ""Drev_sack_ceo"": 0.9119999999999999}","{""Drev_no_action"": 0.0008559999999999998, ""Drev_sack_ceo"": 0.0008559999999999988}","[5.0, 4.94, 4.9, 3.6, 4.56, 3.16, 4.1, 3.08, 4.64, 3.2]","[0.0, 0.05640000000000001, 0.08999999999999987, 0.48, 0.28639999999999977, 0.33440000000000025, 0.28999999999999987, 0.3935999999999995, 0.23039999999999985, 0.6000000000000001]",0.0008559999999999993
S2_011,gpt-4o-mini,1,50,"{""Drev_commission_review"": 0.18500000000000003, ""Drev_no_action"": 0.059, ""Drev_sack_ceo"": 0.7559999999999999}","{""Drev_commission_review"": 0.0022250000000000004, ""Drev_no_action"": 0.0004690000000000001, ""Drev_sack_ceo"": 0.0032640000000000026}","[4.98, 4.92, 4.6, 3.56, 4.4, 3.18, 4.04, 3.04, 4.56, 3.46]","[0.019599999999999985, 0.07360000000000012, 0.3199999999999999, 0.36639999999999995, 0.3199999999999999, 0.22760000000000005, 0.35839999999999994, 0.31839999999999985, 0.32639999999999986, 0.48840000000000017]",0.0019860000000000012
S2_014,gpt-4o-mini,1,50,"{""Drev_commission_review"": 0.24960000000000002, ""Drev_no_action"": 0.044599999999999994, ""Drev_sack_ceo"": 0.7058000000000001}","{""Drev_commission_review"": 0.0014678399999999993, ""Drev_no_action"": 0.00022084000000000006, ""Drev_sack_ceo"": 0.0019483600000000005}","[5.0, 4.92, 4.82, 3.66, 4.54, 3.0, 4.08, 3.08, 4.54, 3.3]","[0.0, 0.11360000000000012, 0.14760000000000006, 0.38440000000000024, 0.4084000000000003, 0.32, 0.1935999999999999, 0.3135999999999997, 0.24840000000000018, 0.5700000000000004]",0.0012123466666666667
S2_017,gpt-4o-mini,1,50,"{""Drev_no_action"": 0.127, ""Drev_sack_ceo"": 0.8730000000000001}","{""Drev_no_action"": 0.001221, ""Drev_sack_ceo"": 0.0012210000000000005}","[5.0, 4.88, 4.84, 3.62, 4.38, 3.12, 4.24, 3.22, 4.5, 3.26]","[0.0, 0.14560000000000006, 0.1343999999999999, 0.7155999999999999, 0.3955999999999998, 0.42560000000000003, 0.2624000000000002, 0.33160000000000023, 0.41, 0.4723999999999998]",0.0012210000000000003
S2_018,gpt-4o-mini,1,50,"{""Drev_commission_review"": 0.18899999999999997, ""Drev_no_action"": 0.056999999999999995, ""Drev_sack_ceo"": 0.7540000000000002}","{""Drev_commission_review"": 0.002429, ""Drev_no_action"": 0.00040100000000000004, ""Drev_sack_ceo"": 0.003584000000000002}","[5.0, 4.68, 4.74, 3.58, 4.44, 3.04, 4.02, 3.0, 4.44, 3.52]","[0.0, 0.45759999999999934, 0.2324000000000003, 0.4836000000000004, 0.3263999999999998, 0.27839999999999987, 0.21960000000000018, 0.48, 0.24639999999999979, 0.5296]",0.0021380000000000006
S2_019,gpt-4o-mini,1,50,"{""Drev_no_action"": 0.079, ""Drev_sack_ceo"": 0.9209999999999999}","{""Drev_no_action"": 0.0006090000000000001, ""Drev_sack_ceo"": 0.0006089999999999983}","[5.0, 4.96, 4.96, 3.88, 4.6, 3.34, 4.3, 3.18, 4.7, 3.16]","[0.0, 0.03840000000000002, 0.03840000000000003, 0.6255999999999996, 0.23999999999999988, 0.30440000000000017, 0.24999999999999997, 0.5476000000000001, 0.21, 0.6544000000000004]",0.0006089999999999992
S2_020,gpt-4o-mini,1,50,"{""Drev_no_action"": 0.07200000000000001, ""Drev_sack_ceo"": 0.9279999999999998}","{""Drev_no_action"": 0.001016, ""Drev_sack_ceo"": 0.0010159999999999987}","[5.0, 4.98, 4.94, 3.9, 4.7, 3.14, 4.26, 3.36, 4.76, 3.42]","[0.0, 0.019599999999999996, 0.056400000000000027, 0.4099999999999999, 0.24999999999999997, 0.3204000000000001, 0.3923999999999998, 0.47040000000000015, 0.1824000000000001, 0.7636000000000003]",0.0010159999999999993
S2_021,gpt-4o-mini,1,50,"{""Drev_commission_review"": 0.735, ""Drev_no_action"": 0.265}","{""Drev_commission_review"": 0.003525000000000001, ""Drev_no_action"": 0.003525}","[4.64, 4.7, 4.42, 3.02, 4.26, 3.06, 3.8, 3.12, 4.36, 3.18]","[0.31039999999999984, 0.24999999999999997, 0.3235999999999997, 0.33960000000000024, 0.3524000000000004, 0.2564, 0.4000000000000003, 0.46559999999999974, 0.27039999999999986, 0.38760000000000006]",0.0035250000000000004
S2_023,gpt-4o-mini,1,50,"{""Drev_commission_review"": 0.828, ""Drev_no_action"": 0.172}","{""Drev_commission_review"": 0.0028160000000000004, ""Drev_no_action"": 0.0028159999999999995}","[5.0, 4.86, 4.84, 3.44, 4.4, 2.96, 4.0, 3.1, 4.42, 3.18]","[0.0, 0.12039999999999995, 0.13439999999999988, 0.4064, 0.2799999999999999, 0.35839999999999994, 0.24, 0.33, 0.4436, 0.4276]",0.002816
S2_anchor_car001,gpt-4o-mini,1,50,"{""Drev_no_action"": 0.095, ""Drev_sack_ceo"": 0.9050000000000001}","{""Drev_no_action"": 0.0010249999999999999, ""Drev_sack_ceo"": 0.0010249999999999994}","[5.0, 5.0, 4.9, 3.86, 4.42, 3.24, 4.22, 3.14, 4.72, 3.32]","[0.0, 0.0, 0.08999999999999987, 0.40040000000000014, 0.3635999999999999, 0.3024000000000004, 0.3315999999999999, 0.32040000000000013, 0.24160000000000012, 0.5775999999999998]",0.0010249999999999997
S2_anchor_car012,gpt-4o-mini,1,50,"{""Drev_no_action"": 0.102, ""Drev_sack_ceo"": 0.8980000000000001}","{""Drev_no_action"": 0.0010959999999999995, ""Drev_sack_ceo"": 0.0010959999999999995}","[5.0, 4.98, 4.92, 3.92, 4.5, 3.36, 4.34, 3.32, 4.68, 3.54]","[0.0, 0.019599999999999985, 0.07360000000000005, 0.3535999999999998, 0.41, 0.27040000000000014, 0.26440000000000013, 0.33759999999999996, 0.21759999999999988, 0.44840000000000013]",0.0010959999999999995
S3_002,gpt-4o-mini,1,50,"{""Drev_commission_review"": 0.15900000000000003, ""Drev_no_action"": 0.05139999999999999, ""Drev_sack_ceo"": 0.7896000000000001}","{""Drev_commission_review"": 0.0017690000000000004, ""Drev_no_action"": 0.00011604, ""Drev_sack_ceo"": 0.0021198400000000004}","[5.0, 4.94, 4.72, 3.76, 4.4, 3.04, 4.06, 3.08, 4.58, 3.42]","[0.0, 0.056400000000000075, 0.24160000000000006, 0.5424000000000003, 0.35999999999999993, 0.31839999999999985, 0.17639999999999997, 0.5535999999999995, 0.28359999999999974, 0.6836000000000003]",0.0013349600000000003
S3_004,gpt-4o-mini,1,50,"{""Drev_commission_review"": 0.15000000000000002, ""Drev_no_action"": 0.05079999999999999, ""Drev_sack_ceo"": 0.7991999999999999}","{""Drev_commission_review"": 0.0009000000000000001, ""Drev_no_action"": 5.1360000000000016e-05, ""Drev_sack_ceo"": 0.0010513599999999999}","[5.0, 4.94, 4.78, 3.62, 4.6, 3.18, 4.1, 3.06, 4.64, 3.24]","[0.0, 0.05640000000000003, 0.29159999999999986, 0.5155999999999998, 0.2799999999999999, 0.34760000000000024, 0.20999999999999994, 0.3363999999999999, 0.23039999999999985, 0.6624000000000003]",0.0006675733333333333
S3_006,gpt-4o-mini,1,50,"{""Drev_commission_review"": 0.16, ""Drev_no_action"": 0.05339999999999999, ""Drev_sack_ceo"": 0.7866}","{""Drev_commission_review"": 0.0019, ""Drev_no_action"": 0.00020644000000000004, ""Drev_sack_ceo"": 0.002338440000000001}","[5.0, 4.94, 4.86, 3.72, 4.46, 3.1, 4.2, 3.1, 4.56, 3.26]","[0.0, 0.0964, 0.12039999999999992, 0.4415999999999999, 0.4484000000000003, 0.29, 0.20000000000000004, 0.37000000000000016, 0.3263999999999998, 0.47239999999999965]",0.0014816266666666672
S3_008,gpt-4o-mini,1,50,"{""Drev_commission_review"": 0.14800000000000002, ""Drev_no_action"": 0.05299999999999999, ""Drev_sack_ceo"": 0.7989999999999999}","{""Drev_commission_review"": 0.001696, ""Drev_no_action"": 0.00014100000000000004, ""Drev_sack_ceo"": 0.0020490000000000005}","[5.0, 4.92, 4.74, 3.98, 4.62, 3.32, 4.08, 2.92, 4.56, 3.62]","[0.0, 0.07360000000000014, 0.1924, 0.4595999999999997, 0.31559999999999966, 0.3375999999999999, 0.23359999999999995, 0.31359999999999977, 0.24639999999999979, 0.4756]",0.0012953333333333334
S3_010,gpt-4o-mini,1,50,"{""D1_review"": 0.0, ""Drev_commission_review"": 0.151, ""Drev_no_action"": 0.04999999999999999, ""Drev_sack_ceo"": 0.7989999999999999}","{""D1_review"": 0.0, ""Drev_commission_review"": 0.0018490000000000004, ""Drev_no_action"": 0.00010000000000000002, ""Drev_sack_ceo"": 0.0021490000000000003}","[5.0, 4.96, 4.9, 3.82, 4.46, 3.18, 4.1, 3.0, 4.68, 3.3]","[0.0, 0.03840000000000003, 0.08999999999999991, 0.34760000000000035, 0.28840000000000027, 0.38759999999999983, 0.28999999999999987, 0.44, 0.2575999999999997, 0.8100000000000004]",0.0010245000000000002
S3_011,gpt-4o-mini,1,50,"{""Drev_commission_review"": 0.225, ""Drev_no_action"": 0.055, ""Drev_sack_ceo"": 0.7199999999999999}","{""Drev_commission_review"": 0.0026249999999999997, ""Drev_no_action"": 0.0003250000000000001, ""Drev_sack_ceo"": 0.0032000000000000023}","[5.0, 4.84, 4.58, 3.68, 4.34, 3.18, 4.08, 2.92, 4.4, 3.3]","[0.0, 0.17439999999999997, 0.3235999999999998, 0.3375999999999999, 0.5844000000000004, 0.22760000000000022, 0.3935999999999996, 0.3535999999999997, 0.3999999999999999, 0.6500000000000002]",0.002050000000000001
S3_012,gpt-4o-mini,1,50,"{""Drev_commission_review"": 0.23199999999999998, ""Drev_no_action"": 0.05199999999999999, ""Drev_sack_ceo"": 0.7160000000000001}","{""Drev_commission_review"": 0.0030759999999999993, ""Drev_no_action"": 9.6e-05, ""Drev_sack_ceo"": 0.0033440000000000015}","[4.96, 4.84, 4.76, 3.48, 4.42, 3.0, 4.0, 2.92, 4.58, 3.52]","[0.03840000000000002, 0.1343999999999999, 0.18240000000000006, 0.5295999999999998, 0.4035999999999999, 0.2, 0.32, 0.39359999999999973, 0.3235999999999998, 0.44959999999999994]",0.0021720000000000003
S3_013,gpt-4o-mini,1,50,"{""Drev_commission_review"": 0.212, ""Drev_no_action"": 0.04999999999999999, ""Drev_sack_ceo"": 0.7380000000000001}","{""Drev_commission_review"": 0.002156, ""Drev_no_action"": 1.925929944387236e-34, ""Drev_sack_ceo"": 0.0021560000000000025}","[5.0, 4.88, 4.84, 3.9, 4.4, 3.1, 4.02, 3.02, 4.54, 3.44]","[0.0, 0.18560000000000001, 0.17439999999999992, 0.49000000000000027, 0.4799999999999999, 0.20999999999999988, 0.3796000000000001, 0.4196000000000001, 0.24840000000000018, 0.3263999999999998]",0.001437333333333334
S3_014,gpt-4o-mini,1,50,"{""Drev_commission_review"": 0.20699999999999996, ""Drev_no_action"": 0.05039999999999999, ""Drev_sack_ceo"": 0.7426}","{""Drev_commission_review"": 0.0027009999999999994, ""Drev_no_action"": 0.00016384000000000003, ""Drev_sack_ceo"": 0.003139240000000001}","[5.0, 4.86, 4.8, 3.64, 4.42, 3.06, 4.06, 3.14, 4.62, 3.3]","[0.0, 0.1604, 0.15999999999999998, 0.5904000000000003, 0.36359999999999976, 0.3363999999999999, 0.2564, 0.4804, 0.2355999999999999, 0.6100000000000002]",0.00200136
S3_015,gpt-4o-mini,1,50,"{""Drev_no_action"": 0.09599999999999997, ""Drev_sack_ceo"": 0.904}","{""Drev_no_action"": 0.001384, ""Drev_sack_ceo"": 0.0013839999999999992}","[5.0, 4.96, 4.94, 3.84, 4.5, 3.26, 4.36, 3.1, 4.66, 3.42]","[0.0, 0.07839999999999993, 0.05640000000000004, 0.37440000000000034, 0.33, 0.4323999999999999, 0.23039999999999983, 0.29, 0.22440000000000013, 0.5236000000000003]",0.0013839999999999996
S3_016,gpt-4o-mini,1,100,"{""Drev_no_action"": 0.11300000000000003, ""Drev_sack_ceo"": 0.887}","{""Drev_no_action"": 0.001281, ""Drev_sack_ceo"": 0.0012810000000000002}","[5.0, 4.9, 4.96, 3.76, 4.56, 3.16, 4.14, 3.28, 4.62, 3.56]","[0.0, 0.08999999999999991, 0.0384, 0.30240000000000045, 0.32640000000000013, 0.3344000000000005, 0.36039999999999994, 0.3615999999999996, 0.23559999999999992, 0.36639999999999995]",0.001281
S3_017,gpt-4o-mini,1,50,"{""Drev_no_action"": 0.07100000000000001, ""Drev_sack_ceo"": 0.929}","{""Drev_no_action"": 0.0006090000000000002, ""Drev_sack_ceo"": 0.0006089999999999983}","[5.0, 5.0, 4.94, 4.0, 4.78, 3.46, 4.26, 3.14, 4.84, 3.48]","[0.0, 0.0, 0.056400000000000027, 0.44, 0.17160000000000003, 0.3284000000000001, 0.3124000000000003, 0.3604000000000001, 0.13439999999999985, 0.6896]",0.0006089999999999993
S3_020,gpt-4o-mini,1,50,"{""Drev_no_action"": 0.102, ""Drev_sack_ceo"": 0.8979999999999998}","{""Drev_no_action"": 0.001396, ""Drev_sack_ceo"": 0.0013959999999999992}","[5.0, 4.96, 4.9, 3.74, 4.44, 3.36, 4.12, 3.16, 4.58, 3.58]","[0.0, 0.03840000000000004, 0.08999999999999997, 0.47239999999999965, 0.4864, 0.2704000000000002, 0.3456000000000001, 0.4144000000000003, 0.2835999999999997, 0.4836000000000004]",0.0013959999999999997
S3_021,gpt-4o-mini,1,100,"{""Drev_no_action"": 0.117, ""Drev_sack_ceo"": 0.883}","{""Drev_no_action"": 0.0017610000000000004, ""Drev_sack_ceo"": 0.0017609999999999998}","[5.0, 4.92, 4.94, 3.76, 4.66, 3.38, 4.26, 3.1, 4.74, 3.32]","[0.0, 0.07360000000000012, 0.056399999999999964, 0.3424000000000004, 0.30440000000000045, 0.3156, 0.23239999999999988, 0.33000000000000035, 0.19240000000000004, 0.4575999999999999]",0.001761
S3_022,gpt-4o-mini,1,50,"{""Drev_no_action"": 0.071, ""Drev_sack_ceo"": 0.929}","{""Drev_no_action"": 0.0010090000000000001, ""Drev_sack_ceo"": 0.0010089999999999988}","[5.0, 4.98, 4.96, 3.98, 4.66, 3.32, 4.32, 3.22, 4.66, 3.4]","[0.0, 0.01959999999999998, 0.03840000000000003, 0.5396000000000001, 0.3444, 0.4575999999999999, 0.2575999999999998, 0.6116000000000004, 0.22440000000000013, 0.52]",0.0010089999999999995
S3_023,gpt-4o-mini,1,50,"{""Drev_no_action"": 0.09099999999999998, ""Drev_sack_ceo"": 0.909}","{""Drev_no_action"": 0.001369, ""Drev_sack_ceo"": 0.0013689999999999985}","[5.0, 5.0, 4.96, 3.9, 4.64, 3.22, 4.24, 3.14, 4.72, 3.54]","[0.0, 0.0, 0.038400000000000045, 0.2899999999999999, 0.3103999999999998, 0.33160000000000006, 0.34240000000000026, 0.4404000000000001, 0.20160000000000008, 0.4483999999999999]",0.0013689999999999991
S3_024,gpt-4o-mini,1,50,"{""Drev_no_action"": 0.08699999999999998, ""Drev_sack_ceo"": 0.9129999999999999}","{""Drev_no_action"": 0.002081, ""Drev_sack_ceo"": 0.002080999999999998}","[5.0, 4.98, 4.98, 3.92, 4.7, 3.22, 4.26, 3.38, 4.8, 3.44]","[0.0, 0.019599999999999996, 0.01959999999999997, 0.3135999999999996, 0.21, 0.4116000000000003, 0.2724000000000001, 0.4355999999999998, 0.15999999999999998, 0.6464000000000002]",0.002080999999999999
S3_028,gpt-4o-mini,1,50,"{""Drev_commission_review"": 0.242, ""Drev_no_action"": 0.0484, ""Drev_sack_ceo"": 0.7095999999999999}","{""Drev_commission_review"": 0.0014359999999999998, ""Drev_no_action"": 6.144e-05, ""Drev_sack_ceo"": 0.0015518400000000014}","[5.0, 4.88, 4.86, 3.7, 4.44, 3.12, 4.08, 3.04, 4.5, 3.36]","[0.0, 0.1456000000000001, 0.16039999999999988, 0.5700000000000003, 0.4464, 0.1856000000000001, 0.11360000000000006, 0.31839999999999985, 0.25, 0.5504000000000002]",0.0010164266666666671
S3_030,gpt-4o-mini,1,50,"{""Drev_commission_review"": 0.253, ""Drev_no_action"": 0.0492, ""Drev_sack_ceo"": 0.6978}","{""Drev_commission_review"": 0.0019409999999999994, ""Drev_no_action"": 0.00013136, ""Drev_sack_ceo"": 0.0022571600000000007}","[5.0, 4.94, 4.58, 3.38, 4.36, 3.0, 4.04, 2.94, 4.52, 3.38]","[0.0, 0.0963999999999998, 0.28359999999999974, 0.43559999999999993, 0.27039999999999986, 0.2, 0.39839999999999987, 0.37640000000000007, 0.3296000000000002, 0.4355999999999998]",0.0014431733333333332
S3_031,gpt-4o-mini,1,50,"{""Drev_commission_review"": 0.265, ""Drev_no_action"": 0.04879999999999999, ""Drev_sack_ceo"": 0.6862}","{""Drev_commission_review"": 0.0014249999999999996, ""Drev_no_action"": 0.00013056000000000002, ""Drev_sack_ceo"": 0.001691559999999999}","[5.0, 4.88, 4.68, 3.5, 4.48, 3.04, 4.0, 3.04, 4.6, 3.54]","[0.0, 0.14560000000000012, 0.2575999999999997, 0.37, 0.4495999999999998, 0.19839999999999985, 0.32, 0.15839999999999987, 0.23999999999999988, 0.44840000000000024]",0.001082373333333333
S3_032,gpt-4o-mini,1,50,"{""Drev_commission_review"": 0.2488, ""Drev_no_action"": 0.04699999999999999, ""Drev_sack_ceo"": 0.7042000000000002}","{""Drev_commission_review"": 0.0020105599999999998, ""Drev_no_action"": 0.000213, ""Drev_sack_ceo"": 0.0025043600000000006}","[5.0, 4.94, 4.84, 3.82, 4.68, 3.16, 4.04, 3.0, 4.56, 3.34]","[0.0, 0.05640000000000005, 0.1343999999999999, 0.2676000000000003, 0.33759999999999984, 0.2144000000000001, 0.31839999999999985, 0.28, 0.28639999999999977, 0.6244000000000005]",0.0015759733333333334
S3_033,gpt-4o-mini,1,50,"{""Drev_commission_review"": 0.2456, ""Drev_no_action"": 0.043, ""Drev_sack_ceo"": 0.7114}","{""Drev_commission_review"": 0.0014886399999999994, ""Drev_no_action"": 0.00026500000000000004, ""Drev_sack_ceo"": 0.0018160400000000005}","[5.0, 4.88, 4.76, 3.76, 4.62, 3.16, 4.08, 2.96, 4.54, 3.32]","[0.0, 0.10560000000000004, 0.3024000000000003, 0.5024000000000004, 0.2755999999999996, 0.3744000000000004, 0.39359999999999973, 0.31839999999999985, 0.3684000000000002, 0.6976]",0.0011898933333333334
S3_034,gpt-4o-mini,1,50,"{""Drev_commission_review"": 0.23600000000000002, ""Drev_no_action"": 0.04739999999999999, ""Drev_sack_ceo"": 0.7166}","{""Drev_commission_review"": 0.0019039999999999999, ""Drev_no_action"": 0.00011124000000000003, ""Drev_sack_ceo"": 0.0021424400000000015}","[5.0, 4.98, 4.78, 3.78, 4.64, 3.14, 4.14, 3.04, 4.5, 3.4]","[0.0, 0.019599999999999996, 0.1716, 0.37160000000000015, 0.31039999999999973, 0.3204, 0.20040000000000002, 0.19839999999999985, 0.25, 0.43999999999999995]",0.0013858933333333338
S3_037,gpt-4o-mini,1,50,"{""Drev_no_action"": 0.199, ""Drev_sack_ceo"": 0.8009999999999999}","{""Drev_no_action"": 0.004149000000000001, ""Drev_sack_ceo"": 0.004149000000000002}","[4.96, 4.84, 4.66, 3.3, 4.52, 3.04, 4.04, 3.02, 4.64, 3.22]","[0.038400000000000045, 0.13439999999999988, 0.22440000000000007, 0.29, 0.24960000000000007, 0.3183999999999999, 0.19839999999999985, 0.33960000000000007, 0.23039999999999985, 0.49160000000000026]",0.004149000000000002
